ladders_taken,snakes_landed,turns,winner
1,5,36,1
2,0,10,1
2,2,12,1
0,1,18,1
2,3,22,1
0,0,16,1
3,0,17,0
0,3,23,0
0,2,22,1
1,0,23,0
0,0,17,0
2,0,11,0
1,1,22,1
2,3,23,0
2,1,17,0
0,0,18,1
1,3,23,0
2,0,15,0
1,3,17,0
0,2,22,1
1,1,15,0
1,1,15,0
2,2,15,0
3,1,17,0
0,2,22,1
1,1,19,0
3,0,12,1
2,0,13,0
1,2,13,0
2,3,26,1
2,1,14,1
1,0,14,1
2,0,11,0
1,0,17,0
2,1,14,1
1,2,22,1
2,4,21,0
2,1,11,0
2,1,17,0
3,0,8,1
0,0,17,0
2,1,24,1
2,2,20,1
2,1,16,1
2,0,7,0
1,2,19,0
1,1,11,0
2,4,19,0
0,0,13,0
1,0,14,1
0,1,19,0
0,3,25,0
0,2,21,0
2,0,19,0
2,2,21,0
1,1,21,0
2,0,10,1
0,1,20,1
1,0,16,1
0,1,21,0
1,0,20,1
2,3,21,0
2,3,25,0
0,2,23,0
2,0,13,0
2,0,15,0
1,6,34,1
1,3,18,1
1,0,17,0
1,2,23,0
0,0,19,0
0,0,18,1
2,0,10,1
0,1,17,0
1,5,25,0
0,1,24,1
0,1,21,0
2,0,12,1
1,5,33,0
4,4,23,0
1,1,14,1
3,1,14,1
1,0,15,0
3,1,16,1
2,1,15,0
2,1,16,1
3,0,11,0
1,1,11,0
3,2,20,1
2,0,13,0
0,0,17,0
2,0,12,1
1,1,14,1
0,2,25,0
0,1,21,0
2,1,15,0
0,2,23,0
2,1,15,0
1,1,16,1
1,1,20,1
0,3,24,1
2,1,12,1
0,1,23,0
2,1,24,1
1,0,12,1
1,1,16,1
3,2,13,0
0,0,17,0
3,1,23,0
2,2,21,0
1,1,17,0
0,1,22,1
1,0,18,1
1,1,10,1
1,2,22,1
2,0,12,1
2,0,18,1
1,0,20,1
0,2,27,0
0,2,21,0
1,1,15,0
2,1,17,0
3,6,32,1
0,3,21,0
1,3,26,1
0,1,22,1
1,0,11,0
1,0,11,0
0,1,20,1
2,1,23,0
1,1,17,0
1,0,14,1
1,0,11,0
1,1,17,0
1,1,13,0
2,1,19,0
0,4,25,0
1,0,18,1
1,2,14,1
2,0,12,1
1,3,25,0
2,0,14,1
1,2,21,0
1,0,13,0
2,4,22,1
1,2,24,1
1,0,11,0
1,4,18,1
2,1,16,1
1,2,22,1
1,2,13,0
3,0,13,0
1,2,14,1
1,0,15,0
1,0,13,0
2,0,9,0
1,1,16,1
2,2,18,1
1,1,18,1
0,1,24,1
1,1,19,0
2,1,13,0
1,1,11,0
1,1,20,1
1,4,20,1
1,2,17,0
0,1,21,0
1,1,13,0
1,3,18,1
1,1,18,1
0,0,13,0
1,0,14,1
0,4,31,0
0,2,23,0
1,0,17,0
1,1,24,1
0,3,25,0
1,2,27,0
2,1,16,1
1,1,17,0
2,2,17,0
2,1,13,0
0,3,20,1
1,0,15,0
2,0,6,1
2,0,10,1
1,1,14,1
1,0,22,1
2,0,14,1
2,3,23,0
1,0,16,1
1,0,17,0
3,0,13,0
0,4,29,0
1,5,30,1
2,0,15,0
2,1,15,0
1,1,9,0
2,2,16,1
3,1,17,0
2,1,14,1
0,2,18,1
3,1,17,0
1,1,16,1
0,0,17,0
0,0,18,1
1,2,20,1
1,4,28,1
2,0,21,0
1,3,27,0
2,1,13,0
1,1,15,0
3,0,8,1
1,0,21,0
1,1,16,1
0,0,19,0
1,2,26,1
3,2,19,0
0,0,15,0
0,1,19,0
1,2,19,0
1,2,21,0
1,2,17,0
3,0,11,0
1,0,12,1
3,1,15,0
3,1,11,0
2,1,17,0
0,3,22,1
2,1,11,0
0,1,22,1
3,3,20,1
2,1,14,1
1,4,16,1
1,2,19,0
1,0,12,1
1,0,11,0
1,1,14,1
1,0,14,1
1,2,19,0
0,1,18,1
1,0,18,1
1,1,20,1
1,0,13,0
1,6,37,0
0,1,21,0
2,1,17,0
1,0,13,0
1,1,27,0
0,2,22,1
1,4,31,0
0,1,19,0
0,1,19,0
1,0,15,0
1,1,20,1
2,1,21,0
0,1,21,0
3,1,16,1
2,0,12,1
1,0,13,0
1,3,24,1
1,1,17,0
3,1,14,1
2,2,24,1
1,0,19,0
2,0,11,0
1,0,13,0
1,0,14,1
3,1,12,1
1,3,31,0
2,2,20,1
1,1,20,1
0,6,40,1
1,1,13,0
0,2,25,0
2,2,19,0
2,1,14,1
0,1,19,0
3,0,13,0
3,2,19,0
0,0,19,0
2,2,18,1
0,3,19,0
1,1,17,0
2,0,13,0
1,1,20,1
1,1,14,1
1,3,29,0
1,3,25,0
0,0,20,1
1,1,11,0
1,0,14,1
0,2,22,1
2,3,21,0
2,1,18,1
1,0,21,0
2,0,16,1
0,1,20,1
2,1,24,1
1,4,26,1
3,2,23,0
2,1,14,1
2,0,18,1
0,2,25,0
2,3,24,1
3,0,13,0
0,1,18,1
0,0,16,1
2,0,15,0
1,0,16,1
1,2,12,1
1,7,33,0
1,0,16,1
2,1,15,0
0,2,23,0
0,6,35,0
2,1,12,1
0,2,26,1
0,0,21,0
1,6,34,1
1,2,23,0
1,0,18,1
1,1,17,0
2,1,23,0
2,1,20,1
0,4,30,1
2,0,11,0
2,1,12,1
0,2,19,0
2,0,18,1
0,1,13,0
1,3,28,1
1,2,21,0
1,0,13,0
2,1,20,1
1,0,11,0
0,4,32,1
1,1,12,1
2,1,13,0
1,1,17,0
1,1,19,0
2,1,18,1
0,2,22,1
1,3,21,0
1,2,20,1
1,3,20,1
1,2,15,0
2,2,25,0
1,2,23,0
2,0,13,0
0,0,22,1
0,1,15,0
0,0,18,1
1,2,22,1
1,2,17,0
0,2,16,1
1,0,13,0
1,2,21,0
3,1,16,1
2,1,18,1
1,0,18,1
2,2,19,0
1,0,15,0
1,0,17,0
1,1,13,0
2,0,12,1
2,0,8,1
0,2,23,0
2,7,40,1
1,3,17,0
1,0,15,0
2,1,17,0
3,0,13,0
1,2,23,0
0,1,19,0
2,2,23,0
2,0,8,1
1,0,13,0
2,0,14,1
1,2,19,0
1,1,14,1
2,1,12,1
0,0,17,0
1,1,17,0
0,0,13,0
0,1,20,1
2,1,17,0
1,0,11,0
2,4,35,0
1,3,25,0
0,0,18,1
1,1,18,1
1,0,14,1
2,1,11,0
1,2,18,1
2,2,18,1
3,4,24,1
2,2,21,0
0,2,17,0
1,2,21,0
1,1,14,1
0,1,18,1
0,1,20,1
1,2,18,1
1,1,20,1
2,2,20,1
3,0,12,1
1,1,12,1
2,2,17,0
1,1,17,0
1,2,21,0
1,0,14,1
1,4,21,0
0,3,24,1
0,1,18,1
0,1,15,0
1,6,28,1
2,1,21,0
2,1,15,0
1,0,20,1
1,0,15,0
2,1,12,1
1,2,21,0
3,1,11,0
1,0,16,1
1,4,29,0
2,2,21,0
0,6,34,1
2,3,34,1
2,0,16,1
1,1,19,0
2,0,12,1
0,3,21,0
1,2,25,0
1,2,26,1
2,2,19,0
0,0,15,0
2,0,11,0
1,3,23,0
0,2,23,0
0,0,19,0
2,1,16,1
2,1,17,0
0,3,36,1
0,0,20,1
2,2,16,1
1,2,23,0
3,1,18,1
2,0,13,0
1,2,21,0
3,0,15,0
2,1,17,0
1,0,14,1
3,1,18,1
2,0,13,0
1,1,14,1
2,1,11,0
1,0,13,0
2,1,13,0
2,0,14,1
1,0,12,1
1,2,20,1
4,3,23,0
0,4,31,0
2,2,13,0
0,0,23,0
1,5,28,1
3,0,13,0
1,1,16,1
2,0,15,0
1,0,16,1
1,1,22,1
0,3,20,1
4,1,14,1
3,0,6,1
1,1,20,1
0,1,17,0
1,0,16,1
2,0,17,0
1,2,21,0
2,0,14,1
1,0,15,0
2,1,16,1
2,2,20,1
0,0,17,0
4,1,11,0
1,1,17,0
1,1,18,1
1,1,16,1
1,3,17,0
0,2,17,0
0,1,19,0
2,0,11,0
1,1,22,1
1,1,19,0
1,1,19,0
1,0,12,1
0,2,17,0
2,2,19,0
1,0,14,1
1,1,11,0
2,0,18,1
1,0,18,1
1,0,10,1
2,2,21,0
1,4,28,1
3,2,19,0
1,1,14,1
1,1,14,1
1,1,17,0
1,0,12,1
0,3,32,1
0,0,17,0
0,5,30,1
1,3,21,0
0,1,26,1
1,0,14,1
2,2,20,1
0,2,19,0
2,1,11,0
1,0,14,1
2,1,12,1
1,1,15,0
0,1,19,0
2,1,15,0
0,2,31,0
2,4,22,1
0,0,16,1
2,2,18,1
2,2,19,0
1,3,23,0
0,3,24,1
2,1,16,1
1,1,21,0
3,1,13,0
2,1,18,1
1,1,19,0
0,1,19,0
2,1,18,1
2,0,13,0
0,3,26,1
0,0,21,0
1,1,19,0
0,2,22,1
0,2,22,1
3,0,14,1
1,1,14,1
1,3,25,0
2,0,13,0
2,0,13,0
0,1,20,1
2,5,25,0
1,6,29,0
3,1,15,0
2,0,13,0
1,1,12,1
3,0,13,0
1,1,22,1
0,4,21,0
1,4,17,0
0,3,29,0
1,2,19,0
2,0,14,1
1,1,23,0
1,1,25,0
2,0,11,0
0,2,23,0
1,0,15,0
2,0,10,1
2,0,14,1
2,1,17,0
1,1,19,0
2,1,12,1
1,1,27,0
2,2,17,0
3,1,18,1
1,2,19,0
2,0,13,0
1,3,25,0
1,1,17,0
2,0,8,1
1,1,17,0
2,1,25,0
1,0,13,0
3,4,29,0
2,0,12,1
0,1,19,0
1,2,22,1
3,0,16,1
1,1,17,0
1,2,19,0
3,1,13,0
0,2,22,1
1,2,21,0
1,3,21,0
2,1,19,0
0,1,22,1
1,0,11,0
0,0,19,0
0,1,19,0
0,0,19,0
0,1,23,0
1,2,20,1
2,4,18,1
1,2,20,1
2,1,12,1
1,1,26,1
0,0,17,0
0,2,26,1
1,1,11,0
2,0,17,0
1,2,15,0
3,5,20,1
2,1,17,0
2,0,10,1
2,3,20,1
1,2,20,1
1,3,25,0
1,0,12,1
1,0,18,1
2,1,18,1
2,0,13,0
1,0,24,1
3,0,13,0
1,1,9,0
2,0,7,0
1,0,11,0
0,0,16,1
0,2,21,0
2,0,19,0
3,1,13,0
1,1,18,1
2,0,16,1
3,1,14,1
1,0,12,1
2,2,19,0
3,1,14,1
2,0,11,0
0,3,25,0
1,0,13,0
3,2,21,0
1,0,18,1
1,1,15,0
2,7,45,0
2,3,20,1
1,2,27,0
1,1,13,0
0,0,18,1
2,1,15,0
1,1,17,0
3,1,18,1
0,3,25,0
3,0,15,0
2,1,19,0
1,1,18,1
2,2,20,1
2,4,24,1
2,1,15,0
3,3,23,0
1,4,29,0
0,1,20,1
1,5,29,0
1,1,20,1
1,3,21,0
2,2,18,1
1,0,13,0
1,4,25,0
1,2,23,0
0,2,16,1
2,1,17,0
0,4,27,0
2,1,13,0
3,0,11,0
1,1,21,0
1,1,21,0
2,1,17,0
2,3,16,1
0,1,22,1
0,4,18,1
2,0,17,0
1,3,22,1
1,1,13,0
1,1,20,1
3,0,19,0
1,1,11,0
2,2,18,1
1,2,20,1
0,0,19,0
0,1,21,0
3,2,16,1
0,0,13,0
2,1,15,0
0,1,19,0
2,1,16,1
3,1,20,1
1,2,19,0
1,0,12,1
1,4,25,0
1,1,16,1
1,0,13,0
2,1,17,0
1,4,22,1
1,3,27,0
1,0,16,1
2,1,18,1
2,2,15,0
1,0,18,1
0,1,17,0
1,0,12,1
1,0,11,0
1,0,19,0
2,0,10,1
2,2,17,0
2,5,26,1
1,1,16,1
2,1,11,0
3,2,19,0
1,1,12,1
1,0,15,0
1,2,23,0
1,1,16,1
2,0,14,1
0,0,21,0
2,2,25,0
0,0,17,0
2,4,17,0
2,1,11,0
1,0,14,1
1,1,14,1
1,2,20,1
2,2,21,0
1,0,16,1
1,3,30,1
1,4,22,1
2,2,21,0
0,0,17,0
0,0,16,1
3,0,15,0
3,1,20,1
0,0,17,0
0,1,17,0
1,2,12,1
0,0,19,0
3,1,17,0
2,5,29,0
0,3,30,1
2,2,17,0
1,0,13,0
0,2,23,0
0,1,16,1
0,0,22,1
1,3,16,1
1,2,17,0
1,3,28,1
1,1,20,1
0,1,20,1
2,2,17,0
0,3,28,1
2,0,17,0
1,0,15,0
2,0,12,1
1,1,13,0
1,1,15,0
1,2,21,0
1,1,15,0
1,2,22,1
2,2,17,0
2,2,19,0
1,1,16,1
2,0,14,1
1,1,14,1
2,0,20,1
1,0,15,0
1,2,22,1
1,1,16,1
2,3,23,0
2,3,14,1
1,2,18,1
0,1,15,0
3,0,16,1
0,3,31,0
1,1,13,0
1,1,11,0
0,1,17,0
2,3,23,0
0,0,20,1
1,4,27,0
2,1,17,0
1,0,16,1
1,2,20,1
0,1,21,0
1,0,12,1
1,1,19,0
2,0,10,1
0,2,17,0
0,0,17,0
1,0,18,1
1,1,15,0
1,6,40,1
1,0,14,1
0,1,16,1
1,3,19,0
1,0,19,0
0,3,25,0
1,3,28,1
0,0,19,0
2,0,17,0
2,0,15,0
1,0,18,1
0,1,19,0
0,2,24,1
3,2,17,0
3,1,17,0
2,3,31,0
1,2,13,0
1,2,15,0
1,0,17,0
1,1,18,1
0,0,17,0
0,2,17,0
2,1,24,1
1,0,17,0
2,2,18,1
2,1,14,1
0,3,23,0
2,3,27,0
0,1,21,0
1,0,15,0
1,2,19,0
0,0,22,1
1,2,14,1
1,0,11,0
2,2,16,1
2,2,22,1
1,0,13,0
2,1,19,0
1,1,18,1
2,0,12,1
0,0,17,0
2,2,19,0
2,1,15,0
1,1,15,0
3,0,10,1
1,1,15,0
2,0,16,1
2,0,12,1
1,1,21,0
3,2,25,0
1,0,12,1
3,4,19,0
2,0,17,0
1,2,16,1
1,1,9,0
1,1,24,1
3,5,23,0
2,0,11,0
2,0,13,0
4,3,18,1
2,5,26,1
3,0,17,0
3,1,19,0
0,1,19,0
2,1,15,0
0,1,19,0
1,2,25,0
1,0,19,0
1,3,20,1
2,1,19,0
0,1,19,0
1,12,41,0
1,2,14,1
3,3,18,1
1,0,14,1
1,1,19,0
1,1,21,0
1,4,29,0
2,1,13,0
1,3,13,0
0,0,21,0
2,1,16,1
1,0,13,0
0,3,25,0
1,1,15,0
2,2,16,1
0,1,20,1
0,3,21,0
2,2,18,1
1,1,19,0
2,1,16,1
1,2,21,0
0,1,18,1
2,0,12,1
1,1,15,0
0,2,17,0
2,2,26,1
0,2,22,1
1,1,21,0
0,1,17,0
1,1,12,1
0,0,16,1
1,2,25,0
2,2,15,0
1,3,20,1
0,1,21,0
1,4,31,0
2,1,14,1
1,2,24,1
2,1,16,1
0,3,26,1
0,1,21,0
0,4,27,0
1,1,9,0
2,0,16,1
1,2,29,0
0,0,16,1
1,0,19,0
2,1,19,0
2,0,12,1
0,1,20,1
3,2,19,0
1,1,21,0
5,2,18,1
1,1,14,1
2,1,15,0
1,0,16,1
3,0,13,0
2,2,22,1
2,2,21,0
1,2,20,1
1,0,13,0
1,1,14,1
2,5,29,0
2,2,13,0
1,1,18,1
2,2,14,1
2,1,12,1
2,2,17,0
1,3,18,1
2,2,12,1
1,1,12,1
0,0,15,0
2,1,20,1
0,1,18,1
0,7,30,1
1,3,19,0
2,0,9,0
2,0,13,0
1,0,13,0
2,1,16,1
1,1,20,1
1,0,15,0
3,0,5,0
1,1,20,1
2,1,15,0
0,0,16,1
2,2,23,0
2,1,17,0
0,2,23,0
0,4,42,1
2,3,25,0
0,0,16,1
0,3,30,1
1,3,20,1
0,3,18,1
1,1,16,1
1,0,17,0
0,1,23,0
2,1,17,0
0,6,30,1
0,2,22,1
2,3,20,1
0,0,18,1
2,2,19,0
0,1,19,0
1,1,16,1
4,1,16,1
3,2,22,1
1,2,13,0
2,0,16,1
2,3,19,0
0,0,18,1
2,0,5,0
0,1,21,0
1,2,21,0
0,0,19,0
1,1,18,1
3,0,19,0
0,1,22,1
2,3,20,1
2,0,13,0
4,3,20,1
1,0,11,0
2,0,13,0
0,1,20,1
1,0,14,1
1,3,20,1
0,1,17,0
2,0,7,0
0,1,20,1
2,0,17,0
1,1,19,0
0,0,20,1
1,0,13,0
2,2,20,1
0,1,22,1
0,1,19,0
0,0,21,0
3,2,21,0
1,0,18,1
0,0,18,1
1,3,16,1
1,1,24,1
1,0,13,0
2,3,24,1
3,0,13,0
3,2,15,0
2,0,12,1
1,2,18,1
0,1,21,0
0,2,21,0
2,3,19,0
1,2,23,0
1,6,30,1
2,0,19,0
1,0,14,1
2,3,25,0
0,3,23,0
2,2,21,0
1,3,24,1
2,0,8,1
1,0,14,1
0,2,18,1
0,3,29,0
1,1,17,0
0,2,19,0
2,0,11,0
1,3,18,1
2,3,22,1
0,2,21,0
1,1,16,1
0,1,18,1
0,1,18,1
0,0,16,1
1,2,13,0
2,0,12,1
1,2,22,1
3,2,16,1
1,0,18,1
0,0,17,0
0,1,20,1
3,1,15,0
1,2,20,1
3,1,14,1
1,0,14,1
1,1,17,0
0,0,19,0
1,2,20,1
1,1,18,1
1,1,16,1
1,1,11,0
2,2,16,1
1,3,18,1
3,0,5,0
2,1,11,0
1,1,18,1
1,1,19,0
3,1,18,1
0,1,19,0
0,1,16,1
2,2,19,0
2,6,32,1
0,3,21,0
2,0,6,1
1,1,18,1
2,0,12,1
2,0,13,0
1,0,17,0
1,4,17,0
2,0,12,1
2,4,28,1
1,0,14,1
0,1,16,1
2,4,21,0
3,0,15,0
2,1,20,1
1,0,17,0
1,1,18,1
3,2,22,1
1,3,23,0
0,1,22,1
2,1,15,0
1,1,13,0
2,4,33,0
2,3,26,1
2,3,27,0
2,0,15,0
2,0,13,0
2,0,15,0
2,1,14,1
1,0,17,0
2,2,19,0
3,4,24,1
1,1,16,1
1,2,29,0
1,1,16,1
1,0,10,1
0,0,17,0
2,0,14,1
1,0,20,1
1,1,9,0
1,2,28,1
1,0,15,0
2,4,31,0
3,2,18,1
0,0,18,1
0,1,20,1
1,3,27,0
1,7,29,0
0,2,25,0
2,0,15,0
0,0,18,1
2,0,6,1
2,1,15,0
1,3,27,0
1,0,19,0
0,2,16,1
2,1,17,0
1,0,12,1
1,2,15,0
2,0,13,0
2,0,17,0
2,2,19,0
2,4,31,0
1,1,20,1
1,1,11,0
2,0,12,1
0,0,17,0
2,3,25,0
1,4,26,1
0,3,27,0
2,3,22,1
1,1,17,0
1,0,15,0
2,0,15,0
0,5,29,0
2,0,16,1
1,1,19,0
2,2,15,0
2,2,18,1
0,1,17,0
1,1,20,1
0,2,18,1
0,0,17,0
1,3,17,0
3,0,12,1
1,1,18,1
0,0,18,1
1,2,24,1
0,0,18,1
0,2,18,1
1,1,13,0
1,3,26,1
1,2,16,1
2,3,17,0
1,1,16,1
0,0,23,0
3,3,31,0
1,5,33,0
2,3,28,1
1,1,17,0
3,0,14,1
0,0,16,1
1,2,19,0
2,0,11,0
2,1,14,1
3,0,14,1
1,3,21,0
1,3,27,0
4,0,15,0
0,2,14,1
0,3,18,1
2,2,15,0
1,1,15,0
2,0,10,1
3,0,15,0
1,1,17,0
1,2,21,0
3,3,16,1
2,1,18,1
2,3,18,1
3,3,17,0
2,0,16,1
1,2,21,0
1,3,20,1
1,1,16,1
2,1,17,0
3,0,11,0
1,3,16,1
1,2,24,1
2,2,20,1
0,2,21,0
1,1,21,0
2,1,23,0
1,1,22,1
1,0,12,1
1,1,15,0
3,2,21,0
1,1,14,1
1,1,13,0
0,2,15,0
3,1,14,1
2,0,6,1
0,0,19,0
2,2,17,0
1,1,18,1
1,0,19,0
2,1,20,1
0,1,15,0
2,0,14,1
0,1,17,0
0,3,23,0
0,3,15,0
0,0,21,0
1,1,20,1
2,1,12,1
1,1,19,0
2,0,17,0
0,3,29,0
1,1,16,1
1,2,22,1
1,1,16,1
2,1,11,0
1,4,28,1
2,0,5,0
1,2,14,1
1,2,24,1
0,3,19,0
2,0,18,1
0,1,18,1
1,0,15,0
2,0,15,0
3,1,16,1
1,0,18,1
3,4,29,0
4,1,15,0
1,2,20,1
4,3,21,0
2,1,16,1
0,0,18,1
1,0,15,0
1,3,21,0
2,3,24,1
1,5,25,0
1,0,14,1
1,0,15,0
2,0,18,1
3,1,7,0
1,1,23,0
3,1,17,0
1,1,19,0
1,1,19,0
3,3,20,1
1,3,31,0
1,0,14,1
0,1,17,0
2,1,13,0
1,1,15,0
0,1,21,0
2,1,17,0
2,1,12,1
0,1,16,1
1,1,16,1
3,3,21,0
2,1,11,0
2,1,13,0
2,1,21,0
1,0,9,0
0,0,21,0
0,0,18,1
3,0,11,0
0,1,17,0
2,0,11,0
1,0,12,1
2,2,16,1
2,0,10,1
0,1,15,0
2,0,5,0
2,1,14,1
0,2,19,0
2,3,22,1
0,1,20,1
1,0,14,1
1,2,19,0
0,1,18,1
1,0,15,0
3,3,24,1
1,1,16,1
3,1,15,0
1,2,25,0
2,2,22,1
2,0,6,1
2,1,7,0
1,1,15,0
0,3,28,1
1,1,12,1
2,0,17,0
0,1,18,1
2,0,15,0
2,0,11,0
3,0,10,1
1,0,10,1
0,1,15,0
1,0,9,0
0,1,19,0
0,7,37,0
0,2,23,0
1,2,17,0
1,1,14,1
1,0,12,1
2,3,17,0
1,1,13,0
0,3,16,1
2,0,15,0
0,1,16,1
1,4,29,0
1,1,17,0
4,0,12,1
0,0,17,0
1,2,20,1
1,0,17,0
1,1,18,1
3,1,11,0
2,4,32,1
2,2,17,0
0,2,25,0
1,2,17,0
1,1,22,1
0,2,25,0
1,0,12,1
0,6,34,1
3,5,27,0
2,2,13,0
1,1,18,1
1,3,20,1
2,5,32,1
2,1,12,1
2,1,15,0
0,0,21,0
1,0,13,0
2,2,17,0
0,0,13,0
0,4,25,0
1,0,17,0
2,3,22,1
2,0,9,0
1,1,10,1
0,5,35,0
2,0,21,0
2,0,6,1
2,3,28,1
1,0,13,0
1,1,16,1
0,0,21,0
1,0,14,1
1,0,13,0
1,1,20,1
0,0,21,0
1,0,11,0
2,0,15,0
1,0,20,1
0,1,24,1
3,0,15,0
1,1,16,1
1,0,15,0
3,3,21,0
1,1,11,0
0,0,17,0
1,0,18,1
3,2,18,1
2,2,23,0
2,2,21,0
0,0,15,0
0,2,26,1
2,2,21,0
1,3,20,1
3,1,12,1
1,0,18,1
2,1,22,1
2,2,25,0
1,1,15,0
1,3,16,1
1,5,22,1
0,0,15,0
1,2,16,1
2,0,14,1
1,0,15,0
2,0,16,1
2,2,25,0
0,2,24,1
3,0,9,0
3,2,19,0
1,1,12,1
2,1,13,0
0,0,17,0
1,1,19,0
2,2,18,1
2,2,18,1
0,1,15,0
1,0,15,0
1,1,13,0
0,1,21,0
0,0,16,1
1,3,19,0
1,1,18,1
2,3,16,1
2,0,17,0
1,3,22,1
1,2,19,0
1,1,12,1
1,0,17,0
2,4,31,0
1,2,19,0
1,0,17,0
0,2,19,0
0,2,20,1
1,2,24,1
1,0,16,1
1,1,20,1
1,3,22,1
0,3,23,0
1,1,21,0
1,2,18,1
2,1,16,1
2,0,16,1
0,0,16,1
2,2,18,1
0,0,18,1
2,2,18,1
2,0,10,1
1,2,18,1
2,2,15,0
1,2,15,0
0,1,17,0
4,3,25,0
6,4,24,1
0,1,19,0
2,1,20,1
0,0,21,0
0,1,19,0
0,2,18,1
1,0,18,1
1,0,10,1
1,1,19,0
4,3,25,0
1,2,21,0
2,1,22,1
1,1,17,0
0,1,15,0
2,0,14,1
0,2,20,1
2,2,25,0
2,0,7,0
1,1,19,0
1,0,20,1
2,0,11,0
3,0,9,0
1,3,21,0
0,0,17,0
2,0,13,0
1,0,20,1
1,3,27,0
2,2,19,0
1,1,18,1
1,0,19,0
0,4,17,0
2,0,17,0
2,0,6,1
2,1,14,1
2,2,19,0
0,0,15,0
1,2,23,0
1,3,25,0
1,0,14,1
1,0,14,1
2,1,22,1
3,6,25,0
0,1,17,0
1,1,12,1
2,1,20,1
1,2,15,0
0,3,20,1
2,4,26,1
2,1,13,0
0,9,38,1
2,0,13,0
1,1,13,0
1,1,18,1
1,1,13,0
1,1,19,0
1,1,16,1
1,2,24,1
1,2,22,1
2,2,18,1
1,0,21,0
2,3,22,1
1,0,18,1
1,0,18,1
0,1,17,0
3,2,15,0
0,1,19,0
3,4,30,1
1,0,16,1
1,2,23,0
0,2,30,1
2,0,12,1
2,1,14,1
2,3,23,0
3,0,14,1
3,1,14,1
2,2,19,0
1,2,18,1
2,2,23,0
1,1,20,1
2,5,22,1
1,2,24,1
1,2,23,0
1,0,13,0
1,3,24,1
0,6,26,1
2,0,14,1
0,0,18,1
2,0,14,1
3,4,25,0
1,1,14,1
1,2,25,0
1,0,13,0
2,0,15,0
0,0,16,1
0,0,16,1
4,3,21,0
3,1,14,1
0,1,22,1
1,3,26,1
1,2,23,0
1,1,20,1
1,1,19,0
0,1,15,0
0,3,23,0
2,0,12,1
0,3,24,1
1,0,12,1
1,0,16,1
1,2,26,1
1,1,14,1
2,0,13,0
2,3,19,0
1,5,22,1
0,0,18,1
3,0,15,0
3,3,24,1
1,3,27,0
1,1,17,0
2,1,16,1
2,3,22,1
2,2,22,1
1,4,24,1
2,2,24,1
2,3,20,1
0,0,15,0
2,0,15,0
2,0,19,0
0,1,17,0
0,3,30,1
2,0,5,0
1,0,13,0
1,0,15,0
1,0,16,1
2,3,20,1
3,2,20,1
0,2,26,1
1,1,15,0
2,0,21,0
3,1,12,1
1,1,18,1
0,1,20,1
1,2,16,1
1,0,16,1
1,0,11,0
1,3,21,0
2,1,25,0
1,5,29,0
1,3,22,1
1,3,20,1
4,5,28,1
2,0,11,0
2,2,15,0
1,0,19,0
0,0,21,0
1,1,17,0
1,3,23,0
0,2,22,1
0,1,19,0
0,0,15,0
0,3,24,1
1,0,11,0
2,0,18,1
1,0,18,1
2,0,7,0
1,3,23,0
0,2,27,0
1,0,14,1
0,0,20,1
3,3,18,1
1,2,21,0
0,0,22,1
1,3,24,1
4,3,25,0
2,3,22,1
2,3,22,1
2,1,18,1
0,2,23,0
1,1,16,1
1,0,15,0
1,0,12,1
1,3,22,1
3,0,13,0
0,3,25,0
3,1,14,1
2,0,11,0
2,1,13,0
2,4,24,1
2,0,13,0
2,1,11,0
0,0,17,0
1,6,41,0
2,6,36,1
0,4,29,0
2,1,18,1
0,1,17,0
1,2,18,1
0,1,17,0
2,0,13,0
0,1,25,0
2,2,27,0
1,2,24,1
1,4,24,1
1,1,16,1
0,1,20,1
1,0,12,1
2,1,16,1
1,2,20,1
1,2,21,0
1,1,13,0
1,1,17,0
1,2,20,1
2,1,17,0
2,1,24,1
3,0,11,0
0,3,17,0
1,0,15,0
0,1,23,0
2,1,18,1
2,1,12,1
1,0,16,1
0,2,17,0
3,0,8,1
0,2,23,0
2,2,20,1
1,0,14,1
0,1,17,0
0,0,19,0
0,2,18,1
0,1,22,1
1,0,14,1
0,1,19,0
3,0,14,1
1,0,18,1
1,1,13,0
1,0,14,1
0,0,17,0
2,1,16,1
0,2,22,1
1,1,19,0
1,3,23,0
2,3,19,0
0,2,21,0
1,2,22,1
0,4,21,0
2,0,16,1
1,2,26,1
1,0,18,1
1,8,40,1
0,0,13,0
2,2,21,0
0,1,17,0
3,2,16,1
1,2,14,1
3,0,11,0
2,1,12,1
1,1,15,0
0,0,14,1
1,0,12,1
1,2,26,1
1,1,17,0
0,1,19,0
1,1,20,1
1,1,18,1
0,3,20,1
0,0,21,0
2,0,5,0
4,0,6,1
1,2,14,1
1,1,16,1
1,0,18,1
2,1,26,1
0,0,18,1
1,0,17,0
1,1,20,1
0,2,22,1
1,3,25,0
0,2,20,1
1,0,12,1
0,2,24,1
2,2,13,0
3,0,11,0
1,1,12,1
1,0,18,1
1,1,18,1
2,1,13,0
0,1,20,1
1,1,16,1
2,4,27,0
1,1,22,1
2,0,15,0
2,0,15,0
0,0,15,0
1,1,21,0
3,3,23,0
2,1,12,1
1,3,18,1
2,2,18,1
2,1,18,1
0,3,18,1
1,2,21,0
3,1,17,0
1,3,23,0
1,2,24,1
3,2,14,1
0,0,19,0
1,0,16,1
1,2,19,0
0,0,16,1
0,1,15,0
0,1,22,1
1,1,12,1
0,0,19,0
1,0,9,0
2,1,17,0
1,0,14,1
1,1,19,0
1,1,13,0
1,1,19,0
2,0,12,1
0,1,17,0
2,1,17,0
0,1,16,1
2,0,15,0
0,0,16,1
0,2,27,0
1,0,17,0
2,4,25,0
2,0,7,0
1,0,19,0
0,2,25,0
0,1,14,1
0,1,20,1
2,2,20,1
0,3,20,1
1,3,26,1
0,2,19,0
0,0,16,1
3,3,23,0
2,0,14,1
1,1,26,1
2,0,12,1
2,0,9,0
2,1,18,1
0,2,28,1
0,4,25,0
4,3,21,0
2,0,17,0
2,0,13,0
2,0,13,0
2,2,13,0
1,1,20,1
1,1,12,1
3,4,26,1
0,3,21,0
2,1,15,0
1,1,19,0
2,0,16,1
2,0,14,1
1,0,19,0
1,0,20,1
1,0,13,0
2,1,19,0
1,2,21,0
0,1,21,0
0,0,20,1
1,3,22,1
4,0,13,0
1,1,20,1
1,1,21,0
1,0,18,1
1,2,15,0
2,0,17,0
2,1,11,0
1,1,17,0
1,0,17,0
0,2,15,0
1,2,19,0
3,0,14,1
1,7,37,0
2,2,18,1
1,2,23,0
0,4,30,1
2,0,12,1
1,2,13,0
2,3,25,0
3,0,11,0
2,1,16,1
1,3,27,0
0,6,26,1
2,0,16,1
0,0,19,0
2,2,23,0
1,1,22,1
1,0,10,1
0,4,29,0
2,4,23,0
1,0,17,0
2,1,21,0
1,0,18,1
2,0,15,0
1,1,20,1
1,3,23,0
2,0,15,0
3,2,17,0
0,0,15,0
1,0,17,0
0,4,27,0
1,0,12,1
0,4,26,1
0,0,20,1
1,1,18,1
1,6,29,0
1,3,18,1
0,2,28,1
2,0,12,1
2,8,38,1
0,2,20,1
2,0,14,1
1,2,23,0
1,2,24,1
0,2,20,1
0,1,19,0
0,0,17,0
1,1,18,1
1,0,12,1
2,1,16,1
2,0,13,0
1,2,12,1
2,0,17,0
1,0,13,0
1,2,18,1
2,2,18,1
2,0,10,1
2,2,16,1
2,0,12,1
1,1,18,1
2,0,11,0
0,5,26,1
0,2,18,1
1,1,14,1
3,0,13,0
0,2,15,0
2,2,15,0
1,2,20,1
1,1,16,1
3,2,19,0
2,1,13,0
1,1,18,1
1,0,13,0
0,1,19,0
0,1,16,1
2,0,17,0
1,1,22,1
1,0,13,0
1,2,15,0
3,0,18,1
2,3,17,0
2,1,16,1
1,4,22,1
0,3,18,1
3,2,17,0
1,0,20,1
2,1,16,1
1,1,13,0
3,0,13,0
1,3,26,1
1,4,19,0
2,2,23,0
2,0,14,1
3,0,11,0
1,0,13,0
0,1,18,1
1,2,17,0
1,3,26,1
1,1,21,0
1,1,22,1
2,3,25,0
1,0,14,1
2,3,24,1
2,5,26,1
1,0,20,1
2,0,9,0
2,1,20,1
1,2,19,0
1,0,17,0
1,1,26,1
3,2,22,1
2,4,24,1
0,4,32,1
0,2,27,0
2,0,7,0
0,2,21,0
0,0,17,0
0,1,23,0
1,1,20,1
1,0,15,0
1,0,9,0
1,1,14,1
0,2,26,1
0,0,17,0
2,1,20,1
1,0,14,1
0,0,17,0
2,0,12,1
2,0,9,0
3,0,11,0
2,0,14,1
0,0,19,0
2,5,30,1
2,6,34,1
2,0,5,0
1,0,13,0
1,3,24,1
2,1,11,0
0,2,24,1
3,2,20,1
2,1,14,1
0,0,17,0
1,1,15,0
0,1,23,0
2,2,17,0
2,2,18,1
0,0,19,0
0,1,15,0
3,3,20,1
1,1,9,0
0,1,15,0
2,0,10,1
2,1,15,0
1,2,21,0
2,2,17,0
1,1,17,0
0,2,29,0
2,2,25,0
2,1,20,1
2,1,16,1
1,1,21,0
1,0,17,0
2,7,27,0
1,0,14,1
2,1,19,0
0,2,24,1
0,0,19,0
3,1,16,1
1,1,10,1
1,1,18,1
1,0,10,1
0,2,18,1
2,1,14,1
2,2,17,0
0,2,19,0
3,3,21,0
2,1,18,1
1,1,14,1
1,3,24,1
1,0,11,0
2,0,15,0
3,2,15,0
1,0,17,0
3,2,18,1
1,1,19,0
1,1,11,0
1,4,29,0
0,5,34,1
2,0,14,1
2,1,17,0
1,0,13,0
1,2,19,0
3,1,6,1
1,2,16,1
0,2,20,1
0,4,24,1
2,2,24,1
0,1,19,0
4,1,13,0
1,2,21,0
1,0,14,1
1,2,15,0
2,6,26,1
3,0,16,1
1,4,34,1
3,0,7,0
2,3,26,1
0,2,21,0
2,5,29,0
3,1,27,0
2,5,20,1
0,0,22,1
0,0,17,0
2,0,13,0
0,2,18,1
2,0,14,1
1,0,11,0
1,1,18,1
3,2,13,0
0,6,28,1
2,0,18,1
1,2,17,0
2,2,14,1
0,2,24,1
1,3,28,1
2,5,29,0
2,1,25,0
1,1,15,0
1,1,19,0
0,0,21,0
1,0,15,0
0,1,17,0
1,1,21,0
2,0,14,1
0,2,18,1
2,0,17,0
1,1,9,0
1,1,19,0
2,2,13,0
1,4,27,0
1,2,17,0
1,2,16,1
3,1,11,0
1,2,23,0
0,0,16,1
2,3,27,0
2,4,24,1
3,2,22,1
4,1,14,1
1,1,17,0
2,1,17,0
1,3,29,0
1,0,10,1
1,3,24,1
1,2,20,1
1,1,13,0
1,2,16,1
1,2,26,1
3,1,13,0
1,2,25,0
1,0,18,1
1,1,18,1
1,0,14,1
2,1,6,1
1,5,31,0
1,0,14,1
3,0,7,0
1,1,17,0
2,0,9,0
2,1,14,1
0,2,20,1
1,0,16,1
2,6,30,1
1,4,26,1
0,4,28,1
1,1,19,0
2,0,16,1
1,1,17,0
1,1,16,1
0,4,22,1
1,2,17,0
3,1,13,0
3,2,17,0
2,0,15,0
1,0,16,1
2,0,16,1
2,0,15,0
2,1,14,1
0,0,21,0
4,1,15,0
0,4,20,1
2,0,17,0
1,1,20,1
0,3,23,0
2,1,16,1
1,2,23,0
0,3,25,0
2,3,23,0
2,0,13,0
2,1,19,0
0,1,21,0
0,3,30,1
1,0,13,0
1,0,17,0
1,0,14,1
1,0,17,0
1,0,13,0
1,1,19,0
2,3,15,0
1,2,17,0
2,0,16,1
2,1,12,1
0,2,21,0
1,4,23,0
1,1,15,0
1,1,17,0
1,0,11,0
2,0,13,0
2,4,25,0
2,0,13,0
0,3,28,1
2,1,19,0
1,0,13,0
2,2,23,0
1,0,17,0
1,1,15,0
2,3,25,0
1,1,14,1
0,1,20,1
0,1,20,1
0,1,17,0
1,0,13,0
3,1,20,1
1,0,15,0
2,2,9,0
1,1,18,1
2,0,20,1
1,1,17,0
0,2,22,1
1,1,9,0
1,1,18,1
1,0,18,1
1,1,16,1
0,1,22,1
1,3,29,0
1,1,15,0
1,1,9,0
1,2,16,1
0,4,30,1
2,0,9,0
1,1,12,1
3,5,27,0
0,2,27,0
0,0,17,0
0,0,16,1
1,3,22,1
0,1,21,0
0,1,21,0
2,1,19,0
2,0,11,0
0,0,19,0
0,2,24,1
2,1,10,1
2,1,17,0
1,0,16,1
0,2,21,0
1,2,19,0
2,1,17,0
1,4,27,0
1,2,19,0
2,0,13,0
0,3,23,0
3,1,18,1
3,1,7,0
1,3,17,0
1,1,18,1
3,1,14,1
4,3,18,1
1,2,16,1
2,3,23,0
1,1,11,0
2,1,13,0
1,2,24,1
2,3,18,1
1,0,12,1
2,2,14,1
2,1,19,0
0,4,26,1
1,0,13,0
1,1,23,0
1,0,15,0
0,0,20,1
0,1,22,1
3,3,19,0
1,3,24,1
1,0,13,0
1,2,18,1
1,1,13,0
1,3,28,1
1,6,38,1
2,7,30,1
0,0,15,0
0,1,25,0
2,1,17,0
1,1,13,0
1,1,21,0
1,2,19,0
2,0,14,1
0,0,21,0
1,0,15,0
0,2,17,0
2,0,15,0
1,4,23,0
1,0,13,0
2,0,5,0
0,0,20,1
2,1,19,0
2,6,32,1
0,1,21,0
0,3,15,0
1,1,16,1
3,2,17,0
1,2,20,1
2,5,28,1
3,2,19,0
1,0,16,1
1,0,17,0
0,1,17,0
3,4,22,1
2,1,13,0
0,2,18,1
1,2,20,1
1,1,17,0
1,4,32,1
0,0,16,1
0,2,22,1
1,0,15,0
1,4,22,1
1,2,20,1
1,0,11,0
1,2,23,0
1,1,18,1
2,0,15,0
0,2,15,0
2,0,16,1
1,0,18,1
1,3,35,0
2,2,13,0
0,1,19,0
2,0,15,0
2,2,20,1
1,1,21,0
0,1,17,0
0,3,17,0
0,0,19,0
1,2,20,1
0,0,19,0
1,0,9,0
1,0,12,1
0,1,20,1
0,0,20,1
2,3,23,0
2,1,11,0
2,2,15,0
3,0,8,1
1,3,24,1
1,0,13,0
1,2,19,0
2,2,19,0
1,0,16,1
2,1,16,1
0,0,15,0
1,1,17,0
1,2,23,0
2,0,12,1
0,1,22,1
2,1,11,0
2,0,15,0
2,3,23,0
3,2,21,0
1,0,16,1
2,1,14,1
1,2,19,0
0,1,23,0
2,1,16,1
1,0,19,0
1,4,23,0
2,3,22,1
2,7,28,1
2,1,17,0
0,2,24,1
1,1,14,1
1,2,26,1
1,1,19,0
0,1,21,0
0,2,22,1
1,0,16,1
2,2,21,0
2,2,13,0
1,2,23,0
2,2,19,0
2,0,13,0
1,0,15,0
1,3,24,1
2,0,11,0
3,5,29,0
1,2,18,1
1,0,13,0
3,0,13,0
1,3,26,1
2,3,17,0
2,1,18,1
1,2,18,1
2,0,13,0
2,1,12,1
1,1,14,1
0,1,20,1
1,2,17,0
3,1,17,0
1,3,25,0
2,3,27,0
1,1,18,1
0,0,17,0
3,0,12,1
2,1,13,0
1,2,17,0
2,1,15,0
2,3,20,1
0,1,19,0
0,3,22,1
3,1,16,1
1,1,14,1
0,1,19,0
0,3,23,0
1,0,13,0
0,3,22,1
1,0,15,0
0,2,19,0
0,1,19,0
0,1,18,1
0,0,20,1
0,0,17,0
2,1,14,1
1,3,21,0
2,1,17,0
1,2,14,1
3,3,18,1
2,0,11,0
1,0,14,1
1,0,16,1
1,1,15,0
1,2,19,0
2,1,18,1
1,2,21,0
1,3,25,0
0,0,16,1
1,2,22,1
0,2,15,0
0,0,18,1
1,1,19,0
1,1,15,0
1,0,20,1
1,0,17,0
3,0,11,0
2,4,22,1
1,0,17,0
2,0,13,0
0,0,19,0
0,1,16,1
0,2,20,1
1,0,9,0
2,3,29,0
1,1,15,0
2,1,20,1
2,1,18,1
2,1,19,0
0,0,21,0
1,2,19,0
2,4,30,1
0,3,17,0
0,0,18,1
1,1,13,0
2,1,11,0
2,1,18,1
1,0,12,1
0,1,19,0
1,0,16,1
1,1,23,0
3,1,15,0
1,1,25,0
0,1,19,0
0,1,20,1
2,0,14,1
1,1,21,0
2,3,23,0
2,1,11,0
1,2,21,0
2,1,15,0
2,0,7,0
1,2,20,1
1,1,15,0
0,0,20,1
3,2,24,1
4,2,13,0
1,1,17,0
2,2,22,1
2,2,19,0
2,1,21,0
1,1,11,0
2,0,13,0
1,2,25,0
2,1,17,0
2,2,24,1
3,0,11,0
1,2,22,1
1,0,14,1
1,0,14,1
1,3,19,0
2,2,18,1
2,2,21,0
2,6,38,1
3,0,11,0
1,7,26,1
2,4,25,0
2,2,23,0
2,0,13,0
1,2,19,0
1,5,25,0
2,0,9,0
1,3,21,0
1,2,19,0
2,0,15,0
1,7,38,1
1,0,9,0
4,1,15,0
0,1,17,0
1,0,17,0
1,3,24,1
3,0,8,1
3,1,13,0
2,0,18,1
1,6,28,1
2,4,28,1
2,2,19,0
0,2,20,1
0,2,24,1
2,2,13,0
2,2,17,0
2,1,15,0
3,0,14,1
2,0,9,0
1,3,25,0
2,2,20,1
2,1,11,0
1,1,20,1
0,1,16,1
1,6,31,0
2,1,16,1
1,1,14,1
0,2,18,1
3,0,7,0
1,2,17,0
3,1,16,1
2,0,13,0
1,0,10,1
2,1,13,0
1,4,30,1
2,1,17,0
1,1,16,1
0,5,28,1
1,0,15,0
0,0,17,0
1,1,17,0
1,0,19,0
1,2,22,1
3,1,17,0
0,2,20,1
1,1,21,0
2,0,9,0
2,1,18,1
2,3,21,0
1,2,18,1
1,1,21,0
0,2,21,0
1,2,24,1
0,4,20,1
2,2,12,1
5,3,22,1
1,1,18,1
3,0,9,0
1,3,23,0
1,0,9,0
2,1,16,1
3,2,23,0
0,2,19,0
2,0,15,0
2,1,15,0
2,0,14,1
1,0,15,0
3,4,18,1
0,2,23,0
3,3,19,0
2,0,14,1
0,1,23,0
0,1,21,0
1,1,20,1
4,0,13,0
0,0,16,1
1,0,19,0
3,0,12,1
0,1,26,1
2,1,12,1
2,0,10,1
2,1,18,1
1,0,12,1
1,2,14,1
0,0,15,0
2,0,14,1
3,1,15,0
2,1,17,0
0,1,16,1
1,4,20,1
1,0,16,1
2,2,17,0
2,3,18,1
1,1,13,0
0,0,19,0
1,1,17,0
2,0,12,1
0,0,19,0
1,0,11,0
1,1,16,1
1,0,13,0
2,0,11,0
2,0,18,1
1,1,18,1
1,2,13,0
1,1,17,0
1,2,16,1
1,1,24,1
1,0,16,1
3,1,12,1
1,2,16,1
2,2,22,1
0,1,17,0
0,4,26,1
3,0,14,1
2,1,16,1
3,2,13,0
1,0,18,1
3,1,11,0
2,4,29,0
2,3,25,0
3,4,28,1
1,0,17,0
3,1,13,0
1,0,13,0
1,1,19,0
0,1,15,0
0,2,21,0
2,1,20,1
0,0,19,0
2,0,9,0
1,1,24,1
0,0,19,0
1,1,16,1
1,0,13,0
2,3,23,0
3,2,18,1
0,5,29,0
3,1,19,0
1,2,23,0
2,3,16,1
0,1,17,0
2,0,8,1
2,1,15,0
2,4,18,1
0,0,17,0
1,3,16,1
1,3,20,1
2,1,17,0
1,0,12,1
2,0,19,0
0,0,13,0
3,2,21,0
0,2,23,0
1,0,17,0
2,6,38,1
2,1,13,0
3,6,39,0
2,0,15,0
0,3,21,0
2,2,22,1
1,2,12,1
1,0,17,0
1,1,21,0
0,0,16,1
2,1,12,1
3,0,18,1
2,2,19,0
2,1,24,1
1,4,22,1
1,0,19,0
1,5,27,0
3,3,20,1
1,1,21,0
1,0,12,1
3,1,19,0
1,1,12,1
0,1,20,1
0,1,19,0
4,3,18,1
0,2,17,0
1,1,21,0
0,2,23,0
2,0,10,1
1,3,25,0
1,0,20,1
2,3,19,0
1,0,15,0
1,2,21,0
1,1,13,0
1,0,9,0
2,1,15,0
1,2,13,0
3,0,17,0
0,1,22,1
0,0,18,1
2,2,13,0
2,0,13,0
1,0,12,1
1,1,11,0
2,1,11,0
1,2,19,0
2,1,14,1
2,0,11,0
2,3,23,0
0,0,17,0
1,2,18,1
3,1,17,0
1,3,25,0
0,1,22,1
1,3,20,1
1,1,21,0
2,1,14,1
1,3,26,1
3,0,15,0
1,1,12,1
0,1,23,0
0,2,21,0
2,2,27,0
1,2,19,0
2,0,15,0
1,1,17,0
2,1,9,0
1,1,19,0
2,0,16,1
1,2,21,0
1,0,15,0
1,0,13,0
1,1,15,0
1,1,18,1
2,1,14,1
1,0,11,0
1,1,14,1
2,1,15,0
2,1,14,1
0,4,33,0
1,3,26,1
1,1,16,1
2,2,19,0
4,1,14,1
1,2,16,1
1,6,31,0
1,1,11,0
3,1,14,1
2,3,16,1
1,0,17,0
0,3,24,1
2,4,24,1
2,7,34,1
1,0,15,0
1,1,13,0
3,5,22,1
0,2,16,1
0,3,24,1
1,0,9,0
1,0,9,0
2,1,13,0
2,0,12,1
2,0,11,0
3,0,7,0
1,1,19,0
1,1,21,0
1,1,20,1
0,3,24,1
1,1,19,0
2,2,22,1
1,0,13,0
2,4,23,0
1,2,21,0
3,0,14,1
3,2,22,1
2,0,14,1
0,2,24,1
1,2,15,0
2,2,19,0
1,2,19,0
0,1,15,0
1,2,16,1
2,0,5,0
1,0,21,0
1,1,12,1
1,2,16,1
2,0,12,1
3,0,13,0
0,1,15,0
3,1,12,1
2,0,14,1
2,0,11,0
1,1,22,1
0,2,16,1
1,0,18,1
2,1,16,1
1,0,18,1
2,1,17,0
2,1,19,0
1,3,18,1
1,3,22,1
2,0,13,0
2,0,13,0
1,0,11,0
0,3,19,0
1,1,22,1
1,1,12,1
1,4,28,1
1,3,32,1
2,1,11,0
0,0,17,0
0,1,18,1
1,0,13,0
2,3,23,0
2,0,12,1
2,0,15,0
2,1,18,1
2,1,20,1
4,3,15,0
1,1,22,1
1,1,13,0
0,1,15,0
0,3,18,1
2,0,13,0
0,0,16,1
1,0,11,0
0,2,21,0
2,2,23,0
1,1,14,1
0,1,19,0
2,2,21,0
0,1,19,0
2,3,21,0
2,0,11,0
1,2,19,0
1,3,21,0
1,1,19,0
2,0,8,1
0,1,22,1
0,1,23,0
0,1,22,1
1,0,13,0
2,1,20,1
2,2,21,0
0,0,20,1
2,0,13,0
0,1,21,0
1,2,18,1
0,1,22,1
0,3,27,0
2,0,16,1
2,2,18,1
1,2,19,0
2,1,17,0
1,1,17,0
1,2,14,1
2,0,17,0
3,1,17,0
0,0,16,1
2,1,20,1
1,1,16,1
4,2,18,1
1,0,20,1
1,1,15,0
1,3,16,1
2,1,22,1
1,3,19,0
1,0,20,1
1,3,28,1
1,0,9,0
1,0,19,0
1,1,17,0
2,5,28,1
2,2,17,0
4,3,27,0
1,0,13,0
3,2,21,0
2,2,24,1
4,1,14,1
2,1,12,1
1,1,15,0
1,1,21,0
0,2,17,0
2,1,19,0
1,2,19,0
1,3,29,0
1,0,11,0
1,0,13,0
1,1,22,1
1,2,24,1
2,1,18,1
2,0,7,0
1,2,13,0
2,1,15,0
1,0,15,0
0,1,22,1
4,0,9,0
1,1,17,0
3,0,13,0
3,6,28,1
2,0,15,0
1,2,17,0
1,0,17,0
3,2,24,1
1,2,21,0
1,1,22,1
1,1,18,1
1,1,19,0
1,2,16,1
1,1,11,0
1,1,16,1
2,1,17,0
1,0,13,0
0,0,18,1
1,0,15,0
2,0,12,1
1,2,18,1
0,1,21,0
2,1,11,0
2,3,23,0
0,0,20,1
3,0,16,1
1,3,27,0
2,0,11,0
1,2,17,0
0,2,18,1
2,0,15,0
1,0,22,1
2,4,29,0
0,0,17,0
1,7,31,0
2,0,8,1
4,0,10,1
1,3,20,1
3,0,8,1
1,3,18,1
1,0,14,1
1,2,21,0
0,2,17,0
2,5,33,0
0,3,26,1
1,2,22,1
2,2,16,1
1,1,18,1
1,0,16,1
1,0,13,0
0,0,20,1
0,0,24,1
1,3,17,0
0,1,20,1
1,1,15,0
2,0,11,0
1,4,30,1
1,2,19,0
1,0,12,1
2,0,13,0
0,1,19,0
1,0,17,0
2,1,7,0
0,0,17,0
1,0,14,1
2,0,12,1
2,1,15,0
0,1,18,1
1,2,21,0
0,2,17,0
2,2,20,1
1,1,10,1
1,2,15,0
0,2,17,0
2,0,13,0
1,2,17,0
3,2,16,1
2,0,15,0
1,1,18,1
1,1,21,0
1,0,12,1
2,0,13,0
1,1,12,1
2,1,15,0
1,3,25,0
1,1,18,1
2,2,14,1
1,3,22,1
1,1,20,1
1,1,17,0
2,2,16,1
1,3,28,1
1,1,16,1
2,2,21,0
3,1,13,0
2,3,24,1
0,1,14,1
1,3,28,1
2,5,25,0
2,2,23,0
1,1,23,0
2,0,14,1
2,1,8,1
3,1,14,1
1,0,18,1
1,2,20,1
1,1,21,0
1,0,19,0
1,2,29,0
2,2,19,0
2,1,15,0
2,0,15,0
1,2,17,0
0,1,21,0
0,1,21,0
2,1,11,0
2,4,18,1
2,0,14,1
0,0,19,0
2,2,14,1
0,0,16,1
1,0,15,0
1,1,19,0
1,1,12,1
0,2,23,0
1,3,28,1
1,2,23,0
0,0,19,0
1,1,16,1
2,1,13,0
0,0,22,1
3,3,21,0
0,1,22,1
1,2,22,1
1,1,20,1
1,3,20,1
2,1,19,0
2,2,23,0
0,1,21,0
0,1,18,1
3,0,11,0
0,0,21,0
0,1,17,0
0,0,16,1
0,0,17,0
0,0,19,0
2,0,6,1
2,0,7,0
0,2,21,0
1,0,17,0
1,0,14,1
1,1,12,1
2,4,26,1
1,1,21,0
2,0,11,0
1,1,18,1
2,0,15,0
1,1,23,0
2,2,22,1
1,1,16,1
0,3,23,0
1,1,13,0
2,1,23,0
1,2,18,1
2,2,23,0
2,1,15,0
2,1,21,0
2,2,23,0
3,0,11,0
1,0,15,0
2,3,22,1
2,1,17,0
1,1,22,1
2,1,17,0
1,2,15,0
2,2,19,0
1,5,28,1
0,1,18,1
2,0,13,0
0,5,31,0
1,0,20,1
0,1,20,1
0,0,18,1
1,0,12,1
2,3,18,1
2,0,13,0
2,4,24,1
1,2,24,1
2,0,18,1
0,1,17,0
1,1,15,0
2,2,21,0
1,3,29,0
1,0,18,1
2,1,25,0
2,4,25,0
1,1,18,1
2,1,15,0
3,0,9,0
0,4,21,0
2,0,15,0
2,1,12,1
2,5,37,0
3,1,12,1
1,5,24,1
0,1,18,1
1,2,21,0
0,0,19,0
2,1,21,0
1,2,25,0
2,4,30,1
1,1,11,0
1,0,16,1
0,2,17,0
1,2,17,0
2,5,39,0
2,0,18,1
2,3,19,0
1,2,19,0
1,1,15,0
3,2,15,0
1,0,11,0
1,1,24,1
0,0,13,0
1,1,16,1
2,2,21,0
2,2,22,1
4,0,10,1
0,4,30,1
2,1,19,0
1,0,11,0
2,1,17,0
1,3,20,1
0,1,23,0
2,1,12,1
0,1,18,1
1,2,22,1
1,4,21,0
1,0,15,0
2,1,12,1
2,0,11,0
2,0,15,0
1,2,25,0
1,3,22,1
1,0,13,0
2,4,13,0
1,0,16,1
1,1,18,1
1,0,17,0
2,3,13,0
1,0,13,0
2,3,19,0
0,0,13,0
1,1,20,1
1,1,22,1
2,1,16,1
1,1,19,0
1,1,21,0
1,1,13,0
2,1,18,1
2,1,15,0
2,3,22,1
1,1,13,0
1,0,14,1
1,3,22,1
1,0,13,0
3,3,30,1
3,3,30,1
1,2,17,0
1,0,16,1
1,0,16,1
1,0,15,0
1,2,17,0
1,0,21,0
2,0,13,0
0,2,29,0
1,0,17,0
0,2,22,1
1,0,12,1
2,3,24,1
2,0,16,1
1,2,16,1
0,1,24,1
1,0,18,1
2,1,22,1
1,1,15,0
2,4,26,1
0,1,18,1
1,0,18,1
2,0,13,0
3,1,16,1
1,0,18,1
0,3,25,0
2,2,21,0
0,4,29,0
2,1,18,1
1,0,12,1
2,2,23,0
2,0,8,1
3,0,14,1
1,1,16,1
2,1,16,1
1,0,18,1
1,2,21,0
0,3,21,0
2,1,17,0
0,1,17,0
3,0,13,0
1,2,23,0
2,0,12,1
2,0,11,0
0,3,23,0
1,1,20,1
1,2,12,1
0,1,15,0
0,3,17,0
1,0,13,0
1,1,14,1
2,0,17,0
1,0,15,0
2,3,25,0
2,3,14,1
2,0,18,1
0,4,24,1
2,0,13,0
2,1,17,0
0,1,21,0
1,0,18,1
3,2,18,1
2,0,12,1
2,1,23,0
1,0,16,1
2,2,24,1
1,2,17,0
2,0,10,1
1,1,21,0
0,1,15,0
3,0,12,1
0,3,24,1
2,1,14,1
1,1,18,1
0,4,17,0
2,2,20,1
2,0,11,0
1,1,11,0
0,6,31,0
1,1,14,1
1,0,9,0
0,0,17,0
2,4,25,0
0,4,29,0
0,2,19,0
3,2,17,0
0,1,19,0
1,1,23,0
0,1,23,0
2,0,7,0
1,2,21,0
0,2,23,0
1,1,16,1
1,1,18,1
1,1,9,0
1,0,15,0
0,0,18,1
1,1,18,1
2,1,13,0
2,1,16,1
1,0,18,1
1,0,17,0
1,0,10,1
1,2,22,1
1,3,23,0
0,1,20,1
2,2,16,1
2,1,8,1
1,1,21,0
0,1,22,1
0,1,22,1
2,3,25,0
1,1,18,1
1,0,15,0
1,1,17,0
2,0,12,1
1,2,14,1
0,4,29,0
0,0,19,0
1,1,21,0
2,3,30,1
0,1,19,0
1,5,26,1
1,1,21,0
1,0,16,1
1,0,20,1
0,0,18,1
1,1,19,0
1,4,28,1
1,2,23,0
1,1,16,1
2,2,15,0
0,3,22,1
0,4,26,1
2,3,24,1
1,2,23,0
0,0,15,0
0,1,18,1
3,1,11,0
0,2,25,0
0,1,19,0
3,1,14,1
1,2,21,0
1,1,19,0
2,1,18,1
1,2,20,1
2,2,23,0
2,0,13,0
0,0,20,1
1,0,12,1
2,3,19,0
1,1,18,1
1,1,20,1
1,1,19,0
3,0,8,1
1,0,19,0
1,0,11,0
2,0,18,1
0,0,19,0
1,1,17,0
1,0,14,1
0,2,23,0
2,3,30,1
2,1,14,1
2,1,17,0
0,4,20,1
1,1,21,0
1,2,15,0
1,2,24,1
0,1,19,0
0,3,27,0
0,2,24,1
1,7,31,0
3,1,19,0
1,0,15,0
2,0,13,0
2,0,11,0
1,5,24,1
1,2,21,0
1,3,22,1
4,3,17,0
2,4,16,1
1,0,12,1
1,1,22,1
1,2,20,1
2,2,21,0
1,3,18,1
1,1,17,0
1,0,16,1
1,2,19,0
1,1,22,1
1,0,16,1
1,1,20,1
1,0,16,1
2,2,16,1
2,3,23,0
1,1,16,1
0,0,20,1
0,1,21,0
3,0,8,1
1,0,20,1
0,0,17,0
1,1,20,1
2,6,27,0
0,0,20,1
2,0,13,0
1,3,26,1
3,0,13,0
1,1,16,1
0,1,15,0
2,0,12,1
1,1,26,1
0,3,24,1
1,1,16,1
1,0,12,1
1,0,15,0
1,0,13,0
2,2,12,1
0,0,19,0
0,3,25,0
1,1,17,0
0,3,20,1
0,2,13,0
1,1,21,0
0,4,24,1
1,2,12,1
1,0,16,1
1,1,12,1
1,0,11,0
1,1,18,1
2,6,28,1
1,1,16,1
2,2,19,0
2,3,23,0
2,3,11,0
0,1,26,1
1,0,13,0
1,0,13,0
3,1,24,1
1,2,20,1
1,1,14,1
3,1,15,0
2,0,18,1
1,2,16,1
1,2,24,1
0,0,13,0
3,2,16,1
1,1,21,0
1,0,9,0
0,1,21,0
2,4,32,1
0,2,18,1
2,0,12,1
1,2,25,0
1,1,12,1
2,1,15,0
2,1,13,0
1,0,11,0
0,0,15,0
2,1,15,0
2,2,22,1
2,0,12,1
1,2,17,0
1,0,13,0
2,6,29,0
4,0,15,0
3,2,19,0
2,5,29,0
4,2,14,1
1,0,13,0
0,3,19,0
1,0,15,0
2,2,16,1
0,0,17,0
2,1,14,1
1,0,15,0
1,0,15,0
2,2,19,0
0,2,17,0
2,3,16,1
0,2,18,1
1,0,13,0
2,4,25,0
3,2,22,1
1,0,12,1
2,5,29,0
1,1,16,1
0,2,26,1
0,3,30,1
2,2,20,1
2,0,18,1
1,1,13,0
2,0,9,0
2,2,25,0
2,0,16,1
1,0,18,1
0,0,19,0
1,1,12,1
1,2,16,1
1,1,17,0
2,0,17,0
0,0,17,0
1,1,24,1
2,1,14,1
1,2,21,0
2,2,17,0
2,0,14,1
1,1,20,1
0,1,20,1
1,1,16,1
0,2,17,0
2,0,14,1
2,1,15,0
1,0,11,0
1,2,18,1
2,3,26,1
1,0,10,1
1,0,12,1
2,1,12,1
1,0,15,0
0,0,18,1
1,1,18,1
2,2,13,0
1,2,20,1
2,0,17,0
1,2,17,0
2,1,21,0
1,3,18,1
1,0,9,0
1,5,26,1
1,4,21,0
2,3,26,1
3,0,9,0
1,0,16,1
3,0,10,1
0,0,16,1
2,1,6,1
0,1,22,1
0,1,19,0
2,2,25,0
1,1,24,1
1,1,15,0
1,1,16,1
1,0,13,0
2,2,18,1
1,0,15,0
1,2,16,1
3,1,13,0
1,0,21,0
3,0,5,0
0,2,18,1
1,3,16,1
1,1,10,1
0,1,20,1
1,0,11,0
1,1,14,1
1,2,21,0
2,0,11,0
2,1,11,0
1,1,11,0
0,0,19,0
0,1,17,0
3,0,13,0
0,0,15,0
1,1,18,1
2,0,13,0
1,2,23,0
0,1,17,0
1,0,13,0
1,2,22,1
2,0,10,1
2,1,15,0
0,1,18,1
2,2,23,0
1,2,23,0
1,2,20,1
0,5,30,1
1,0,17,0
1,0,17,0
0,1,21,0
1,0,17,0
2,3,23,0
1,0,14,1
1,1,17,0
1,0,21,0
1,2,16,1
2,1,18,1
0,3,21,0
1,0,16,1
0,4,30,1
2,0,10,1
1,0,17,0
2,0,10,1
1,0,13,0
3,1,13,0
0,0,14,1
0,2,23,0
2,0,13,0
0,1,23,0
3,1,17,0
1,3,16,1
0,0,20,1
2,0,14,1
0,1,19,0
1,1,18,1
2,1,22,1
2,2,22,1
1,1,22,1
1,2,20,1
2,2,18,1
2,2,21,0
1,1,22,1
1,3,23,0
2,1,18,1
0,0,16,1
0,1,18,1
1,0,12,1
3,1,18,1
2,2,22,1
0,4,25,0
1,1,15,0
2,0,21,0
0,2,20,1
0,2,18,1
3,0,18,1
1,0,17,0
2,2,20,1
0,0,17,0
0,0,17,0
0,6,27,0
1,3,18,1
1,2,21,0
3,4,25,0
2,0,17,0
1,0,14,1
1,2,16,1
2,0,14,1
1,1,27,0
2,1,18,1
2,5,27,0
2,1,13,0
2,0,13,0
0,2,25,0
2,1,20,1
1,2,23,0
2,0,6,1
2,1,18,1
2,0,11,0
2,2,15,0
1,0,15,0
1,1,20,1
1,1,17,0
1,0,12,1
0,3,20,1
1,1,21,0
2,2,23,0
1,2,17,0
1,0,12,1
1,1,17,0
1,0,15,0
1,2,17,0
0,2,22,1
0,3,34,1
1,2,11,0
2,1,15,0
2,0,14,1
2,5,26,1
0,0,18,1
2,0,14,1
2,2,20,1
3,0,22,1
0,0,20,1
1,0,15,0
3,1,13,0
0,5,34,1
0,2,26,1
2,0,15,0
2,0,19,0
1,0,11,0
1,1,14,1
1,0,18,1
2,2,17,0
0,6,36,1
1,0,14,1
2,0,11,0
1,0,13,0
1,0,14,1
2,0,13,0
1,1,17,0
2,0,15,0
1,3,26,1
1,2,18,1
1,1,15,0
1,2,15,0
1,0,14,1
1,0,13,0
3,1,12,1
2,1,16,1
0,4,19,0
0,1,18,1
1,0,11,0
2,0,12,1
2,1,15,0
0,1,24,1
0,0,23,0
1,0,12,1
0,1,21,0
0,1,15,0
1,3,26,1
1,2,17,0
0,0,20,1
0,2,21,0
1,5,27,0
2,0,11,0
0,3,21,0
1,1,23,0
1,2,13,0
2,0,13,0
2,1,18,1
5,1,18,1
1,4,31,0
0,1,23,0
1,1,14,1
0,2,18,1
1,3,21,0
3,2,18,1
0,0,16,1
2,3,23,0
0,0,17,0
1,1,16,1
1,2,25,0
2,0,15,0
1,0,17,0
3,1,19,0
0,1,19,0
1,0,17,0
1,0,16,1
2,7,29,0
0,1,21,0
3,4,22,1
3,1,14,1
3,4,18,1
2,2,19,0
2,0,11,0
2,3,18,1
0,0,15,0
2,1,14,1
1,1,11,0
1,1,15,0
2,0,20,1
1,1,13,0
1,0,11,0
2,3,18,1
0,2,18,1
1,1,13,0
0,0,16,1
1,1,18,1
3,0,11,0
1,1,21,0
1,0,15,0
3,6,35,0
1,2,23,0
1,0,12,1
1,0,11,0
1,0,15,0
1,2,22,1
2,1,25,0
2,1,18,1
0,0,21,0
0,0,18,1
1,0,14,1
1,2,14,1
2,1,17,0
1,0,11,0
2,1,21,0
4,1,8,1
1,8,39,0
2,0,14,1
1,0,23,0
1,3,20,1
1,1,12,1
1,2,20,1
1,1,13,0
2,0,16,1
0,1,17,0
1,1,22,1
0,1,21,0
2,1,14,1
2,2,20,1
1,4,25,0
0,1,18,1
2,1,19,0
1,2,15,0
1,1,14,1
1,1,17,0
2,1,14,1
1,3,18,1
0,2,26,1
2,2,19,0
0,3,26,1
1,0,12,1
1,1,22,1
1,1,23,0
2,3,21,0
4,6,29,0
1,0,14,1
1,5,32,1
2,1,17,0
4,4,24,1
0,1,17,0
1,3,30,1
0,1,18,1
2,2,19,0
0,1,21,0
2,2,22,1
1,1,12,1
2,3,26,1
1,1,17,0
1,2,19,0
1,2,21,0
1,1,21,0
0,2,16,1
0,0,19,0
1,2,20,1
0,3,25,0
0,1,17,0
1,4,24,1
1,2,21,0
1,0,18,1
0,1,26,1
1,2,19,0
0,5,25,0
2,1,18,1
2,1,20,1
2,2,19,0
2,0,11,0
0,1,20,1
2,3,22,1
1,4,22,1
0,1,16,1
3,3,24,1
2,1,22,1
1,4,27,0
1,2,18,1
1,1,14,1
1,0,13,0
2,1,16,1
1,1,12,1
0,1,20,1
3,1,14,1
0,0,14,1
1,0,17,0
1,1,12,1
0,2,22,1
1,4,26,1
0,1,16,1
1,0,14,1
1,1,19,0
1,1,22,1
1,2,16,1
1,1,17,0
1,0,15,0
4,1,17,0
1,3,21,0
1,1,17,0
1,0,17,0
2,3,26,1
3,2,17,0
2,2,25,0
3,2,13,0
1,0,11,0
1,0,20,1
2,1,13,0
2,1,14,1
1,1,21,0
3,1,13,0
0,1,16,1
1,1,15,0
0,0,21,0
2,0,13,0
3,1,15,0
0,4,29,0
1,0,15,0
4,4,19,0
2,1,12,1
0,0,13,0
1,0,14,1
1,1,14,1
2,2,21,0
2,2,23,0
2,0,13,0
2,1,18,1
1,0,16,1
1,1,19,0
1,0,16,1
1,0,19,0
1,1,17,0
2,2,17,0
2,0,13,0
2,0,11,0
0,1,19,0
1,0,15,0
3,1,15,0
1,1,15,0
2,0,13,0
1,1,21,0
0,1,20,1
1,2,24,1
0,0,17,0
2,1,18,1
0,0,22,1
0,2,20,1
1,0,11,0
2,0,16,1
1,0,14,1
1,1,14,1
0,2,18,1
1,1,17,0
0,0,15,0
2,1,22,1
3,0,13,0
1,0,16,1
0,3,26,1
2,1,17,0
2,1,15,0
1,1,16,1
0,0,17,0
0,0,19,0
2,1,13,0
1,0,12,1
2,0,15,0
1,3,32,1
1,2,22,1
1,0,13,0
1,1,20,1
1,5,32,1
1,2,21,0
0,3,20,1
1,2,19,0
1,0,16,1
0,1,22,1
1,1,11,0
0,0,17,0
4,0,8,1
2,3,23,0
1,1,20,1
2,0,13,0
1,0,13,0
1,0,17,0
1,2,21,0
0,2,27,0
2,0,15,0
1,1,16,1
1,0,12,1
1,1,11,0
3,0,12,1
1,0,15,0
0,2,20,1
0,1,16,1
1,4,22,1
2,0,14,1
1,6,29,0
1,1,17,0
0,0,16,1
2,1,17,0
2,1,11,0
2,0,19,0
0,3,26,1
2,5,32,1
1,1,13,0
1,1,23,0
1,0,15,0
0,4,27,0
1,0,12,1
1,1,16,1
1,1,15,0
1,0,13,0
1,2,23,0
1,1,18,1
0,2,21,0
1,4,22,1
2,0,15,0
1,2,22,1
0,4,28,1
1,1,16,1
0,0,17,0
2,1,11,0
2,3,23,0
2,4,33,0
1,2,22,1
0,1,15,0
1,3,21,0
3,3,17,0
1,1,18,1
2,0,8,1
1,0,13,0
2,0,11,0
1,0,14,1
0,0,19,0
1,2,24,1
1,1,19,0
1,4,25,0
2,1,11,0
2,1,20,1
1,1,20,1
2,0,14,1
0,1,19,0
1,1,19,0
2,1,20,1
1,1,27,0
0,4,21,0
1,1,13,0
3,1,17,0
0,2,19,0
1,1,17,0
2,0,19,0
3,0,6,1
1,0,12,1
1,3,24,1
0,2,15,0
1,4,33,0
2,0,6,1
1,0,17,0
2,3,24,1
1,0,12,1
1,0,12,1
1,1,16,1
2,1,16,1
0,0,23,0
1,1,20,1
0,3,24,1
0,2,19,0
0,3,27,0
1,1,21,0
1,0,13,0
0,1,16,1
2,0,12,1
2,1,15,0
1,2,21,0
1,3,18,1
1,2,21,0
2,1,16,1
3,3,19,0
1,0,20,1
1,0,19,0
1,0,14,1
1,0,16,1
2,5,33,0
1,2,17,0
2,3,24,1
1,0,15,0
2,0,15,0
1,1,12,1
2,3,23,0
1,2,23,0
2,3,26,1
0,2,22,1
1,1,23,0
2,1,18,1
4,4,21,0
1,1,13,0
2,1,21,0
0,0,15,0
1,0,15,0
1,4,27,0
3,0,7,0
3,0,11,0
1,0,12,1
1,1,18,1
2,0,11,0
1,1,16,1
1,1,18,1
2,0,6,1
1,1,15,0
1,2,19,0
3,2,12,1
1,3,29,0
1,1,21,0
2,2,26,1
1,0,21,0
1,1,17,0
2,0,14,1
1,5,24,1
1,1,13,0
1,1,18,1
1,1,17,0
0,2,23,0
2,3,23,0
1,2,15,0
1,1,22,1
1,2,19,0
1,0,16,1
1,1,15,0
0,0,19,0
4,5,25,0
1,1,9,0
1,2,21,0
1,1,18,1
1,1,19,0
2,2,17,0
2,0,13,0
1,0,13,0
1,1,14,1
3,2,13,0
1,1,17,0
0,0,22,1
1,1,18,1
2,1,14,1
1,2,22,1
1,1,14,1
1,0,11,0
1,0,17,0
1,3,20,1
2,1,11,0
2,1,13,0
3,1,17,0
0,2,20,1
0,3,21,0
2,0,13,0
0,0,16,1
0,1,18,1
2,4,27,0
0,2,19,0
0,2,18,1
1,0,11,0
0,0,17,0
0,0,13,0
2,0,15,0
2,2,16,1
1,0,14,1
1,0,13,0
0,0,15,0
0,5,23,0
2,1,15,0
1,1,22,1
2,1,21,0
0,1,24,1
4,3,21,0
3,0,13,0
1,1,15,0
3,0,6,1
0,2,18,1
0,2,16,1
2,0,7,0
1,1,18,1
1,4,24,1
1,1,18,1
0,1,24,1
1,1,16,1
3,6,29,0
2,6,25,0
1,0,15,0
1,1,18,1
2,2,14,1
1,3,20,1
1,1,19,0
2,0,10,1
1,2,22,1
2,3,18,1
1,2,24,1
2,1,12,1
0,1,23,0
2,0,10,1
1,1,24,1
2,0,15,0
2,0,18,1
2,0,12,1
1,0,18,1
2,1,22,1
2,0,11,0
2,0,15,0
1,2,13,0
3,1,13,0
4,1,12,1
1,3,22,1
0,0,21,0
3,3,21,0
1,1,14,1
1,0,13,0
1,2,19,0
0,1,23,0
2,1,16,1
1,1,18,1
1,2,21,0
0,2,19,0
0,0,19,0
1,0,20,1
0,2,21,0
2,4,28,1
1,1,18,1
2,1,16,1
0,0,19,0
3,2,17,0
0,0,13,0
1,1,13,0
1,1,13,0
2,5,23,0
1,3,28,1
2,0,14,1
4,3,21,0
2,2,23,0
1,0,18,1
0,2,20,1
2,1,13,0
0,5,29,0
0,1,15,0
0,3,19,0
1,2,19,0
0,1,13,0
2,1,10,1
0,2,24,1
0,0,15,0
2,2,19,0
0,1,19,0
0,1,17,0
1,2,16,1
3,1,20,1
1,2,15,0
1,1,17,0
1,2,19,0
2,1,15,0
1,6,26,1
1,2,25,0
3,0,13,0
2,1,8,1
2,0,14,1
4,3,17,0
1,1,13,0
0,0,15,0
0,1,19,0
2,2,23,0
2,7,38,1
2,0,12,1
1,0,15,0
1,0,10,1
2,0,11,0
1,0,14,1
1,1,14,1
1,2,21,0
1,2,20,1
2,2,17,0
1,0,9,0
1,4,29,0
1,0,16,1
1,2,17,0
0,0,17,0
2,3,23,0
1,0,19,0
1,0,14,1
0,1,20,1
1,2,16,1
1,0,16,1
1,0,16,1
1,3,22,1
4,3,25,0
1,4,30,1
3,0,10,1
2,3,20,1
0,0,17,0
2,0,11,0
1,0,17,0
0,1,18,1
1,0,13,0
0,2,22,1
2,1,14,1
1,1,15,0
0,2,20,1
1,1,19,0
1,1,24,1
0,0,19,0
2,2,17,0
2,2,15,0
3,2,17,0
0,1,18,1
0,1,20,1
0,1,20,1
3,0,12,1
0,1,20,1
0,0,15,0
2,2,15,0
2,0,7,0
2,1,10,1
1,1,22,1
1,0,15,0
0,0,22,1
0,2,21,0
2,1,17,0
0,2,17,0
0,1,19,0
0,2,23,0
0,3,23,0
3,1,14,1
0,3,17,0
1,0,11,0
1,2,23,0
2,4,22,1
0,1,15,0
3,0,8,1
1,3,17,0
0,0,17,0
2,2,12,1
1,2,21,0
1,1,18,1
1,1,15,0
2,1,11,0
0,1,17,0
1,1,19,0
2,1,15,0
0,1,18,1
2,1,11,0
2,1,17,0
1,0,14,1
1,0,16,1
2,0,15,0
1,1,17,0
2,1,14,1
2,2,21,0
0,4,24,1
2,1,18,1
1,0,15,0
0,2,20,1
3,0,15,0
2,2,16,1
1,1,11,0
1,0,13,0
1,0,13,0
1,2,15,0
1,0,17,0
1,1,13,0
0,1,16,1
0,2,27,0
1,1,14,1
0,1,20,1
1,1,18,1
1,0,18,1
2,3,20,1
1,2,16,1
2,1,16,1
1,1,22,1
3,0,13,0
0,3,25,0
1,4,23,0
2,3,18,1
2,0,11,0
4,3,24,1
2,1,22,1
2,1,18,1
2,4,25,0
1,2,20,1
0,1,16,1
0,1,23,0
2,1,17,0
3,2,15,0
2,1,21,0
0,1,18,1
3,3,17,0
1,1,15,0
1,0,14,1
2,0,8,1
1,0,16,1
0,2,19,0
2,1,18,1
1,2,20,1
2,0,16,1
0,2,18,1
1,4,22,1
2,2,25,0
3,3,16,1
1,2,20,1
0,0,18,1
2,1,17,0
2,1,14,1
1,0,16,1
3,3,17,0
1,2,14,1
1,1,23,0
1,1,15,0
0,1,20,1
0,2,25,0
1,1,14,1
1,0,16,1
2,0,17,0
3,2,19,0
1,1,13,0
3,0,16,1
0,0,18,1
2,1,24,1
1,1,16,1
1,2,24,1
3,1,16,1
0,3,20,1
1,3,19,0
2,1,16,1
1,2,16,1
0,3,26,1
2,0,16,1
1,5,28,1
1,2,21,0
2,0,11,0
1,2,19,0
1,2,19,0
1,1,16,1
2,0,13,0
2,3,24,1
1,1,17,0
2,2,12,1
0,1,21,0
1,1,20,1
2,1,12,1
1,1,21,0
2,3,23,0
0,3,25,0
1,1,16,1
2,0,17,0
1,0,16,1
2,1,15,0
1,3,17,0
0,1,23,0
1,1,20,1
0,0,19,0
3,0,8,1
1,1,17,0
2,0,14,1
0,3,27,0
1,0,12,1
3,0,18,1
1,2,15,0
1,1,18,1
1,1,16,1
2,1,17,0
1,0,16,1
0,2,19,0
3,1,16,1
4,1,18,1
0,2,23,0
1,2,23,0
2,1,19,0
3,1,21,0
1,0,10,1
0,1,23,0
1,1,19,0
3,2,19,0
3,1,18,1
3,0,9,0
0,0,18,1
1,6,38,1
2,0,10,1
0,2,17,0
2,0,17,0
0,4,26,1
2,1,15,0
1,2,18,1
1,0,16,1
1,3,26,1
3,2,23,0
1,1,13,0
2,3,19,0
3,0,13,0
0,2,24,1
1,1,17,0
2,1,21,0
1,1,20,1
2,4,28,1
1,2,16,1
0,0,19,0
1,0,13,0
2,0,11,0
2,0,14,1
0,0,18,1
1,1,18,1
2,4,29,0
1,2,21,0
2,2,26,1
2,5,31,0
2,3,24,1
0,0,21,0
2,6,38,1
0,6,33,0
1,0,11,0
2,1,15,0
0,1,17,0
1,1,12,1
2,0,16,1
2,0,11,0
1,2,18,1
1,1,15,0
1,1,14,1
2,2,16,1
0,2,23,0
1,3,20,1
2,1,12,1
0,0,15,0
2,1,19,0
1,4,32,1
0,2,20,1
1,1,20,1
1,6,32,1
1,1,23,0
1,3,18,1
2,1,14,1
2,0,15,0
2,1,16,1
2,0,13,0
1,0,12,1
2,3,21,0
1,0,15,0
2,3,22,1
2,1,16,1
0,2,20,1
2,0,14,1
0,3,26,1
1,0,13,0
0,4,26,1
2,3,17,0
2,2,23,0
0,2,19,0
2,0,13,0
2,2,24,1
0,2,21,0
1,0,11,0
1,2,16,1
1,2,21,0
1,1,17,0
1,0,13,0
1,0,11,0
1,1,18,1
3,0,13,0
2,1,16,1
1,1,11,0
1,1,20,1
2,1,20,1
1,1,12,1
0,3,29,0
2,0,13,0
1,1,19,0
1,3,18,1
1,1,15,0
2,1,20,1
1,1,16,1
1,1,18,1
1,1,13,0
0,2,20,1
1,2,21,0
1,1,16,1
3,3,22,1
1,1,21,0
2,1,18,1
0,0,16,1
1,2,15,0
2,2,15,0
1,2,21,0
1,2,15,0
0,2,21,0
0,6,31,0
1,3,24,1
1,1,20,1
2,3,28,1
3,2,18,1
1,2,22,1
1,0,11,0
1,2,22,1
1,1,20,1
0,5,33,0
1,0,15,0
1,4,21,0
2,1,15,0
1,1,19,0
2,3,16,1
3,2,22,1
0,1,24,1
1,1,22,1
1,0,15,0
1,2,15,0
1,2,15,0
2,2,16,1
1,1,17,0
2,1,20,1
1,0,19,0
1,4,28,1
1,0,19,0
2,2,18,1
2,0,12,1
2,1,16,1
0,3,23,0
1,1,19,0
0,1,21,0
2,1,21,0
3,2,16,1
1,1,21,0
1,0,18,1
1,2,23,0
0,3,27,0
1,0,14,1
1,1,17,0
2,0,13,0
2,0,9,0
0,2,25,0
3,4,18,1
3,0,13,0
1,0,17,0
2,0,14,1
1,4,27,0
2,1,17,0
0,2,15,0
2,0,10,1
3,5,34,1
1,1,17,0
4,1,12,1
0,0,15,0
1,2,20,1
2,1,18,1
0,1,20,1
0,0,17,0
2,0,11,0
3,0,7,0
1,1,14,1
1,0,14,1
0,1,21,0
1,3,21,0
3,0,11,0
0,2,15,0
1,2,14,1
0,1,16,1
2,2,18,1
1,1,21,0
1,2,25,0
1,1,20,1
1,0,16,1
1,0,20,1
2,0,11,0
3,3,22,1
1,1,13,0
2,2,21,0
0,3,26,1
0,7,33,0
0,1,23,0
1,1,20,1
1,0,12,1
0,0,17,0
2,0,14,1
2,4,25,0
1,3,25,0
1,0,17,0
0,1,22,1
3,0,13,0
2,2,22,1
1,1,11,0
0,0,19,0
3,1,8,1
1,1,17,0
1,3,22,1
2,1,18,1
3,1,10,1
2,0,16,1
2,1,18,1
1,0,14,1
1,1,10,1
0,1,15,0
1,0,15,0
1,0,14,1
0,1,17,0
1,2,15,0
2,0,11,0
0,0,16,1
2,0,13,0
1,0,12,1
1,3,26,1
0,1,23,0
3,0,15,0
0,2,17,0
0,1,19,0
0,1,19,0
1,1,12,1
1,2,25,0
1,1,18,1
0,1,22,1
1,1,16,1
0,0,19,0
1,0,17,0
0,0,16,1
0,2,25,0
2,1,24,1
1,1,13,0
1,0,14,1
0,0,18,1
1,1,15,0
2,0,13,0
2,5,24,1
1,0,15,0
0,1,16,1
2,2,18,1
4,1,13,0
1,1,22,1
0,4,31,0
1,1,14,1
1,1,22,1
2,1,21,0
2,0,11,0
1,1,18,1
1,1,17,0
2,1,21,0
2,1,12,1
1,0,17,0
0,2,19,0
1,2,24,1
1,1,13,0
2,1,17,0
1,3,26,1
1,1,18,1
0,1,15,0
1,0,16,1
3,1,15,0
2,1,16,1
1,1,23,0
3,0,10,1
2,0,21,0
0,2,22,1
0,2,17,0
2,6,29,0
1,3,26,1
1,0,18,1
2,0,15,0
2,2,22,1
1,1,19,0
2,1,11,0
2,1,17,0
3,0,12,1
1,2,17,0
1,2,22,1
2,0,17,0
1,0,17,0
3,3,22,1
1,0,12,1
0,1,18,1
1,4,29,0
1,2,16,1
2,0,6,1
1,3,20,1
1,1,19,0
1,0,18,1
1,0,15,0
2,0,8,1
0,1,18,1
2,3,18,1
2,3,22,1
2,0,12,1
1,1,13,0
2,1,14,1
0,1,21,0
2,1,15,0
3,2,11,0
1,1,19,0
2,1,14,1
1,3,20,1
2,3,29,0
0,3,20,1
0,0,19,0
3,1,20,1
0,3,25,0
4,0,13,0
3,2,13,0
0,0,17,0
1,2,22,1
1,1,24,1
1,3,23,0
1,4,28,1
1,1,21,0
0,2,22,1
2,2,25,0
0,1,19,0
1,0,17,0
0,1,18,1
3,3,21,0
1,1,24,1
1,2,18,1
1,3,19,0
2,1,12,1
1,3,23,0
1,0,11,0
1,0,17,0
1,2,22,1
1,2,21,0
0,2,22,1
2,0,17,0
1,1,22,1
2,1,11,0
2,1,18,1
1,0,19,0
0,3,25,0
0,1,20,1
0,1,15,0
2,1,18,1
0,4,31,0
1,3,27,0
0,1,19,0
1,1,18,1
1,1,20,1
2,4,24,1
1,2,22,1
1,0,17,0
1,0,16,1
1,0,11,0
3,1,12,1
0,0,18,1
1,0,24,1
3,2,17,0
1,1,19,0
0,1,19,0
2,1,16,1
1,0,13,0
1,1,14,1
1,1,20,1
0,1,16,1
1,4,23,0
3,2,16,1
2,1,11,0
2,1,11,0
1,2,25,0
2,0,21,0
1,2,22,1
1,2,25,0
1,1,16,1
1,3,21,0
1,1,15,0
2,3,18,1
1,0,15,0
2,0,13,0
2,0,13,0
2,1,11,0
1,0,14,1
0,3,20,1
2,6,21,0
1,2,27,0
0,4,25,0
3,1,15,0
1,1,18,1
1,2,18,1
1,1,17,0
2,1,14,1
0,1,19,0
1,5,36,1
1,1,18,1
0,0,16,1
1,1,20,1
2,0,18,1
0,3,24,1
2,2,23,0
0,1,16,1
2,2,11,0
2,3,18,1
3,1,15,0
1,1,17,0
2,1,11,0
1,2,15,0
1,0,13,0
1,0,16,1
2,0,13,0
1,2,23,0
1,4,27,0
1,1,21,0
0,1,21,0
2,0,6,1
2,1,12,1
1,2,23,0
2,0,19,0
1,2,23,0
1,2,24,1
0,1,16,1
1,4,39,0
0,2,23,0
1,0,13,0
1,0,18,1
1,1,15,0
3,4,23,0
1,1,20,1
0,1,17,0
1,2,17,0
4,1,15,0
2,9,45,0
0,2,19,0
0,0,21,0
1,0,14,1
0,0,17,0
2,2,27,0
1,0,12,1
2,1,16,1
1,2,21,0
2,1,10,1
0,0,18,1
2,1,20,1
1,1,20,1
2,2,14,1
2,1,18,1
1,2,23,0
0,1,19,0
2,2,19,0
3,0,10,1
0,0,20,1
2,0,15,0
2,1,21,0
1,2,18,1
0,0,16,1
1,1,18,1
1,1,17,0
1,0,13,0
3,1,20,1
2,0,8,1
2,0,19,0
1,1,19,0
3,4,17,0
2,2,24,1
1,1,17,0
1,0,23,0
2,0,12,1
1,1,20,1
1,0,13,0
1,2,18,1
1,1,12,1
0,1,17,0
2,1,16,1
2,1,15,0
1,0,11,0
1,1,15,0
1,0,11,0
0,0,15,0
2,1,16,1
1,2,21,0
2,0,12,1
0,0,18,1
3,1,19,0
1,0,19,0
0,1,19,0
2,0,11,0
1,0,13,0
1,2,29,0
0,2,22,1
2,4,23,0
1,0,13,0
1,3,26,1
0,1,23,0
0,1,19,0
1,1,12,1
0,3,30,1
1,1,12,1
1,0,13,0
0,5,27,0
3,1,19,0
2,1,21,0
3,0,13,0
1,1,20,1
1,1,13,0
2,2,22,1
1,1,15,0
2,2,19,0
0,4,24,1
1,3,12,1
1,0,18,1
1,2,29,0
1,1,16,1
1,0,12,1
2,1,21,0
1,1,19,0
0,2,18,1
0,3,23,0
0,4,33,0
1,1,16,1
1,0,17,0
1,0,9,0
3,1,10,1
1,2,21,0
0,1,13,0
1,1,11,0
1,1,16,1
0,0,15,0
2,1,12,1
2,0,14,1
1,1,13,0
3,1,13,0
1,1,19,0
2,3,30,1
2,2,19,0
1,1,17,0
0,0,17,0
2,0,17,0
4,1,18,1
1,0,17,0
1,1,13,0
2,4,22,1
0,3,21,0
2,2,16,1
1,5,24,1
1,0,15,0
2,2,16,1
2,0,14,1
0,2,20,1
0,1,23,0
2,2,21,0
0,1,19,0
0,1,18,1
0,1,26,1
2,3,21,0
0,1,22,1
2,0,15,0
0,0,15,0
1,0,13,0
0,2,21,0
1,0,16,1
2,0,8,1
2,0,13,0
1,1,15,0
1,4,26,1
2,2,17,0
3,0,17,0
2,0,14,1
1,0,12,1
2,1,14,1
1,6,32,1
0,0,16,1
1,4,22,1
2,2,21,0
2,1,16,1
3,1,15,0
1,5,32,1
3,2,19,0
0,2,22,1
2,1,17,0
0,1,21,0
3,6,31,0
1,0,14,1
2,1,15,0
0,2,17,0
1,0,16,1
1,4,27,0
1,0,13,0
2,2,19,0
1,0,12,1
1,2,21,0
3,3,18,1
3,5,27,0
2,0,12,1
0,2,22,1
1,1,21,0
3,0,6,1
1,2,23,0
1,0,15,0
2,1,21,0
2,0,13,0
3,0,9,0
1,1,18,1
0,2,24,1
1,1,18,1
2,2,20,1
2,1,17,0
2,0,15,0
1,0,15,0
2,1,16,1
1,2,24,1
1,1,24,1
3,1,21,0
3,2,14,1
2,1,15,0
1,0,11,0
2,1,14,1
3,1,17,0
1,1,15,0
2,2,21,0
1,1,15,0
3,0,6,1
1,1,17,0
2,0,15,0
1,1,15,0
0,1,18,1
2,1,14,1
2,1,12,1
0,0,19,0
1,5,30,1
1,0,17,0
3,0,12,1
1,2,16,1
2,1,17,0
1,1,22,1
0,1,21,0
0,2,21,0
1,0,17,0
1,1,16,1
2,0,12,1
0,2,25,0
0,0,18,1
2,2,17,0
1,4,20,1
1,0,21,0
2,2,24,1
1,2,29,0
1,1,16,1
1,1,17,0
2,2,21,0
1,2,24,1
1,2,23,0
1,0,19,0
1,0,18,1
2,0,12,1
1,0,11,0
3,1,19,0
1,1,13,0
2,2,19,0
0,1,13,0
0,2,22,1
0,0,21,0
1,0,12,1
2,1,14,1
1,1,20,1
1,0,12,1
1,0,15,0
1,0,13,0
2,1,13,0
0,0,15,0
3,2,21,0
1,0,14,1
0,1,20,1
3,5,27,0
2,0,16,1
0,1,20,1
1,2,21,0
1,0,9,0
1,5,25,0
2,2,23,0
1,0,11,0
2,1,15,0
1,3,14,1
0,1,19,0
2,2,17,0
1,2,18,1
2,2,15,0
1,1,9,0
1,3,24,1
1,1,15,0
2,4,30,1
0,3,23,0
0,1,18,1
1,3,25,0
1,0,22,1
3,0,10,1
1,1,11,0
3,1,15,0
1,0,14,1
2,3,23,0
1,2,24,1
3,1,21,0
1,3,28,1
1,0,16,1
2,0,10,1
0,1,26,1
1,0,11,0
1,1,16,1
1,3,16,1
3,1,14,1
0,3,19,0
2,1,13,0
2,2,20,1
2,4,21,0
2,3,19,0
0,1,17,0
0,1,18,1
1,1,11,0
2,0,13,0
1,0,17,0
2,1,14,1
2,0,18,1
1,1,11,0
3,0,11,0
0,3,23,0
1,2,17,0
2,0,10,1
1,2,18,1
0,0,16,1
0,3,21,0
2,1,15,0
1,2,23,0
1,1,21,0
2,0,13,0
1,1,15,0
0,2,22,1
0,1,19,0
0,3,29,0
1,1,23,0
1,1,14,1
1,4,26,1
1,3,24,1
1,1,12,1
1,2,25,0
1,2,26,1
2,2,13,0
0,2,20,1
1,0,14,1
2,4,17,0
2,0,10,1
0,1,19,0
1,0,15,0
2,2,19,0
1,2,23,0
2,2,24,1
2,0,16,1
2,2,24,1
3,1,17,0
1,1,16,1
2,1,12,1
1,2,14,1
1,0,16,1
0,6,33,0
1,0,17,0
1,1,13,0
1,0,20,1
1,1,19,0
1,4,24,1
0,3,25,0
3,1,13,0
0,1,21,0
1,1,13,0
1,0,20,1
1,4,23,0
2,2,21,0
2,0,10,1
1,1,18,1
1,1,19,0
3,0,14,1
0,1,16,1
2,1,15,0
1,0,15,0
1,0,18,1
2,1,17,0
3,4,25,0
0,0,17,0
1,1,22,1
1,1,11,0
0,0,17,0
2,0,17,0
0,0,15,0
0,0,18,1
1,3,24,1
1,0,14,1
1,1,15,0
1,0,9,0
2,2,19,0
1,3,22,1
2,0,13,0
0,2,17,0
0,0,19,0
1,2,18,1
2,4,22,1
3,0,16,1
0,1,26,1
2,0,15,0
2,0,9,0
3,3,15,0
2,2,19,0
1,1,17,0
2,1,15,0
0,0,19,0
1,2,16,1
1,0,17,0
3,2,15,0
1,2,21,0
2,0,20,1
1,1,24,1
1,2,16,1
0,0,15,0
1,2,14,1
3,0,5,0
2,0,12,1
2,1,13,0
2,0,11,0
0,0,18,1
1,1,16,1
1,0,12,1
1,1,24,1
1,0,14,1
3,0,9,0
2,4,20,1
0,1,18,1
1,2,14,1
2,1,17,0
1,1,16,1
1,2,23,0
1,3,19,0
0,1,20,1
0,1,22,1
1,0,12,1
2,0,11,0
0,5,25,0
1,2,19,0
3,0,17,0
1,0,9,0
2,0,15,0
0,2,18,1
1,0,17,0
1,2,15,0
2,2,24,1
2,0,15,0
2,0,16,1
0,1,23,0
2,2,20,1
3,1,16,1
1,1,19,0
2,3,19,0
3,2,13,0
0,3,28,1
1,2,27,0
1,0,17,0
0,2,25,0
2,2,12,1
1,0,9,0
1,0,12,1
2,1,7,0
1,1,13,0
2,1,18,1
2,0,14,1
1,2,20,1
1,2,19,0
2,1,17,0
2,2,17,0
0,1,15,0
2,4,22,1
1,0,9,0
0,2,15,0
1,0,15,0
1,1,22,1
0,2,23,0
1,1,22,1
2,3,19,0
2,0,14,1
2,3,17,0
1,0,15,0
1,0,18,1
1,0,19,0
0,2,27,0
1,4,31,0
0,1,19,0
2,1,19,0
0,0,16,1
2,0,11,0
2,0,11,0
1,5,31,0
1,1,11,0
1,1,13,0
1,2,22,1
2,0,13,0
1,2,21,0
3,0,12,1
1,0,15,0
1,0,15,0
1,1,18,1
3,1,13,0
1,2,12,1
2,0,14,1
1,1,11,0
1,0,13,0
0,1,17,0
2,2,23,0
0,0,17,0
1,2,17,0
2,1,13,0
1,1,17,0
0,6,35,0
1,2,15,0
2,2,22,1
1,1,20,1
1,2,25,0
2,1,24,1
1,0,13,0
1,2,19,0
2,0,13,0
2,1,14,1
1,2,19,0
0,0,20,1
1,0,11,0
3,1,12,1
0,0,18,1
1,2,21,0
1,0,12,1
1,1,15,0
1,0,17,0
2,2,21,0
0,0,15,0
1,1,18,1
0,1,20,1
1,2,23,0
0,4,34,1
2,4,21,0
0,1,18,1
3,0,11,0
2,4,25,0
2,3,22,1
0,2,19,0
1,0,15,0
2,2,26,1
2,1,18,1
2,0,19,0
2,1,12,1
0,2,18,1
0,1,21,0
2,0,6,1
1,1,18,1
1,2,14,1
0,2,21,0
2,1,15,0
1,0,12,1
1,1,9,0
1,1,18,1
3,1,8,1
0,1,16,1
2,1,17,0
1,3,25,0
2,0,7,0
0,2,18,1
1,0,10,1
1,0,11,0
1,0,16,1
2,2,13,0
4,1,14,1
0,3,28,1
1,2,19,0
1,2,26,1
0,2,20,1
1,1,17,0
2,1,14,1
2,1,16,1
1,1,18,1
2,1,18,1
2,3,22,1
2,0,7,0
2,2,17,0
1,1,11,0
1,1,14,1
1,1,20,1
3,0,14,1
2,4,33,0
0,1,17,0
0,3,19,0
0,0,21,0
3,0,11,0
2,1,8,1
1,1,12,1
0,2,21,0
2,0,9,0
1,3,23,0
0,4,25,0
2,0,14,1
0,0,18,1
3,1,14,1
1,1,21,0
1,4,31,0
0,0,20,1
2,0,11,0
1,0,10,1
2,2,19,0
2,0,6,1
2,0,13,0
0,2,26,1
1,0,13,0
3,0,11,0
3,3,22,1
2,2,22,1
1,0,18,1
2,2,23,0
2,5,32,1
1,1,23,0
2,1,17,0
1,2,15,0
1,1,18,1
1,0,17,0
3,3,26,1
0,0,14,1
1,1,18,1
2,2,26,1
2,1,13,0
1,1,21,0
1,0,14,1
1,3,18,1
1,1,21,0
1,0,19,0
1,1,16,1
2,0,13,0
0,0,17,0
2,1,21,0
0,2,17,0
1,0,14,1
1,0,14,1
0,3,21,0
4,1,13,0
1,2,25,0
2,3,27,0
0,4,25,0
1,0,14,1
2,0,5,0
1,3,26,1
1,0,11,0
3,1,22,1
4,0,14,1
2,0,16,1
1,0,12,1
0,3,23,0
0,1,23,0
1,3,21,0
2,0,12,1
1,4,24,1
1,0,19,0
2,2,21,0
1,1,17,0
2,1,17,0
1,2,20,1
1,1,13,0
2,1,19,0
0,0,17,0
1,1,9,0
0,3,31,0
1,2,22,1
0,3,26,1
1,0,14,1
3,1,17,0
1,3,26,1
1,1,12,1
1,4,22,1
1,1,20,1
4,0,14,1
2,0,13,0
2,1,12,1
1,0,14,1
1,0,13,0
1,0,19,0
2,2,16,1
1,2,13,0
1,0,16,1
0,2,18,1
2,3,33,0
1,1,23,0
1,0,17,0
1,1,18,1
0,0,17,0
2,0,7,0
1,1,12,1
1,1,14,1
1,3,24,1
2,0,9,0
1,3,21,0
2,0,13,0
2,4,23,0
1,0,11,0
1,5,25,0
2,2,25,0
1,2,22,1
3,0,14,1
3,7,39,0
1,3,25,0
0,1,19,0
2,3,13,0
1,1,22,1
2,4,29,0
1,1,15,0
0,0,22,1
2,2,18,1
2,1,10,1
2,1,10,1
2,0,8,1
1,0,16,1
1,1,18,1
1,2,26,1
2,0,17,0
0,2,26,1
2,2,20,1
1,1,22,1
2,4,25,0
0,3,29,0
1,0,11,0
1,0,9,0
1,0,16,1
1,1,21,0
1,10,37,0
0,8,43,0
1,0,17,0
1,1,23,0
1,2,21,0
1,0,16,1
1,2,26,1
0,2,23,0
2,0,18,1
2,4,28,1
3,1,9,0
2,1,16,1
1,1,14,1
1,0,14,1
0,0,17,0
2,0,16,1
0,1,21,0
0,3,17,0
1,1,15,0
0,3,16,1
0,3,20,1
1,0,15,0
1,3,14,1
0,5,28,1
1,2,20,1
2,0,15,0
1,3,21,0
1,4,31,0
2,0,16,1
1,0,12,1
1,1,16,1
3,0,12,1
1,4,29,0
1,0,13,0
2,1,9,0
0,0,17,0
2,1,14,1
2,0,15,0
0,0,18,1
2,0,15,0
1,3,21,0
2,2,25,0
1,1,16,1
1,2,19,0
1,2,17,0
1,2,18,1
2,1,14,1
2,0,9,0
2,4,23,0
1,1,14,1
1,2,21,0
3,1,13,0
1,0,9,0
2,0,13,0
1,1,12,1
0,1,20,1
1,0,21,0
0,2,25,0
1,0,17,0
1,1,13,0
1,1,18,1
2,1,21,0
2,3,23,0
1,1,14,1
1,1,15,0
1,2,19,0
1,0,18,1
1,1,16,1
2,0,5,0
1,1,14,1
3,4,35,0
1,4,23,0
1,1,13,0
2,0,13,0
1,1,18,1
2,3,23,0
0,1,19,0
1,2,19,0
1,4,22,1
0,1,21,0
1,3,17,0
1,2,20,1
0,3,30,1
2,3,25,0
1,5,28,1
1,1,15,0
3,1,19,0
0,2,18,1
2,2,23,0
0,3,28,1
2,2,19,0
1,1,16,1
1,1,14,1
2,1,18,1
1,2,18,1
1,1,16,1
1,3,23,0
2,2,15,0
4,0,8,1
2,1,13,0
1,2,16,1
3,2,19,0
1,1,16,1
2,0,12,1
2,3,30,1
1,1,20,1
1,1,19,0
4,4,19,0
0,0,19,0
0,2,19,0
1,0,19,0
1,1,16,1
1,2,15,0
1,2,23,0
2,1,18,1
0,5,30,1
2,2,21,0
2,0,5,0
1,1,18,1
2,0,8,1
1,1,9,0
1,0,13,0
1,0,21,0
0,1,21,0
1,3,16,1
2,2,15,0
1,2,19,0
2,1,13,0
3,3,17,0
0,1,17,0
2,0,13,0
2,0,17,0
3,0,12,1
2,0,14,1
1,1,21,0
1,3,20,1
1,0,15,0
1,0,13,0
1,0,15,0
1,4,22,1
2,0,19,0
1,0,13,0
0,1,18,1
1,0,15,0
1,1,20,1
1,1,14,1
1,2,13,0
1,1,24,1
1,1,21,0
2,1,15,0
2,2,22,1
3,0,13,0
1,2,24,1
1,1,17,0
0,1,17,0
2,2,16,1
1,1,16,1
2,1,13,0
2,0,15,0
1,0,13,0
2,2,21,0
2,4,27,0
1,0,17,0
1,0,15,0
0,1,17,0
1,1,17,0
2,4,24,1
2,0,10,1
2,1,13,0
2,2,17,0
0,0,15,0
1,0,13,0
2,4,22,1
1,0,13,0
1,0,12,1
3,0,10,1
0,4,25,0
2,3,20,1
1,0,12,1
1,3,23,0
0,3,23,0
2,2,23,0
2,1,11,0
0,0,22,1
1,2,20,1
2,0,5,0
3,2,20,1
0,0,21,0
2,1,11,0
2,1,11,0
0,3,31,0
1,0,12,1
2,0,12,1
1,1,20,1
0,0,18,1
0,3,31,0
1,1,15,0
1,0,14,1
0,0,19,0
2,1,14,1
1,0,11,0
1,1,21,0
0,0,19,0
1,1,15,0
1,3,26,1
2,1,23,0
2,2,18,1
0,0,21,0
0,2,15,0
0,0,19,0
0,1,19,0
1,2,17,0
2,0,15,0
2,0,15,0
1,2,18,1
1,5,36,1
1,1,13,0
2,0,12,1
0,2,23,0
1,0,18,1
2,1,20,1
1,0,15,0
3,5,22,1
0,2,18,1
1,4,24,1
1,1,12,1
1,0,11,0
1,0,19,0
0,0,21,0
0,2,22,1
2,1,21,0
1,0,15,0
2,0,16,1
1,0,14,1
1,6,21,0
1,0,19,0
1,1,13,0
2,0,14,1
1,0,10,1
2,0,14,1
3,4,30,1
1,3,23,0
1,1,22,1
3,0,14,1
1,3,25,0
1,0,13,0
0,2,29,0
0,2,22,1
2,1,13,0
2,1,18,1
1,0,12,1
1,2,17,0
1,2,20,1
2,0,15,0
2,3,16,1
0,1,17,0
1,1,22,1
0,1,18,1
1,0,21,0
2,1,16,1
2,2,17,0
1,2,21,0
1,1,11,0
1,0,18,1
1,1,12,1
0,2,28,1
0,2,22,1
2,0,15,0
0,3,22,1
2,1,18,1
1,0,18,1
1,0,12,1
1,2,15,0
0,0,21,0
2,1,19,0
0,1,20,1
1,2,19,0
1,2,22,1
1,0,11,0
1,3,23,0
1,0,17,0
2,1,10,1
0,2,20,1
1,3,33,0
1,2,18,1
2,0,14,1
0,1,21,0
4,2,22,1
1,0,13,0
1,1,17,0
4,0,13,0
1,2,28,1
2,1,20,1
1,0,13,0
2,2,21,0
2,0,9,0
2,2,24,1
1,0,13,0
1,0,18,1
1,1,14,1
0,0,14,1
1,0,17,0
2,0,14,1
2,1,15,0
0,1,16,1
2,4,33,0
2,0,13,0
0,6,30,1
2,2,12,1
0,3,16,1
1,2,21,0
2,1,13,0
2,0,11,0
1,1,18,1
0,0,18,1
0,1,20,1
2,0,16,1
1,2,12,1
0,9,45,0
1,1,13,0
1,2,16,1
4,1,15,0
0,1,21,0
0,1,22,1
2,2,13,0
1,2,14,1
3,0,16,1
2,0,15,0
1,0,15,0
2,3,20,1
0,2,20,1
1,1,11,0
1,1,9,0
2,4,22,1
2,3,30,1
0,1,29,0
2,0,13,0
1,3,25,0
1,1,21,0
1,4,30,1
2,0,13,0
1,1,22,1
1,1,20,1
0,2,18,1
1,0,17,0
1,1,14,1
1,1,14,1
2,1,13,0
1,1,14,1
1,0,14,1
2,2,20,1
0,1,18,1
1,1,18,1
2,0,20,1
1,1,25,0
1,0,15,0
1,2,19,0
2,1,11,0
1,0,18,1
3,0,17,0
1,1,19,0
2,2,17,0
0,2,15,0
1,0,14,1
0,0,17,0
0,2,25,0
2,0,11,0
2,1,23,0
0,1,14,1
0,1,22,1
1,1,14,1
2,2,22,1
2,4,23,0
0,1,13,0
0,2,28,1
1,0,15,0
1,1,9,0
0,0,19,0
2,1,12,1
1,2,24,1
2,0,15,0
0,2,19,0
2,0,10,1
1,1,12,1
4,2,18,1
0,1,21,0
0,0,21,0
1,0,18,1
1,0,11,0
0,1,20,1
1,1,18,1
1,0,13,0
1,0,16,1
1,1,18,1
2,0,16,1
2,1,19,0
0,1,18,1
1,0,17,0
1,0,13,0
2,1,12,1
2,0,13,0
0,1,17,0
2,0,11,0
1,0,11,0
0,2,24,1
1,1,13,0
1,2,21,0
0,3,18,1
3,1,20,1
2,1,21,0
0,1,17,0
2,3,17,0
2,1,14,1
4,1,16,1
2,0,22,1
1,0,16,1
2,0,12,1
1,1,23,0
0,1,15,0
2,2,23,0
4,2,17,0
1,0,20,1
2,0,12,1
2,1,15,0
1,5,43,0
0,1,19,0
1,1,13,0
1,0,11,0
1,2,22,1
3,2,20,1
2,0,17,0
2,1,14,1
1,3,23,0
1,0,15,0
0,1,18,1
3,4,27,0
2,3,17,0
1,0,11,0
2,0,7,0
0,4,20,1
1,1,21,0
1,1,11,0
0,2,20,1
0,4,23,0
2,1,8,1
1,1,14,1
0,1,20,1
0,1,18,1
2,1,19,0
2,3,21,0
1,2,17,0
2,0,12,1
1,3,27,0
1,1,16,1
1,1,18,1
2,1,11,0
0,1,18,1
1,2,19,0
1,2,15,0
0,2,19,0
0,3,20,1
2,1,15,0
0,0,19,0
1,2,19,0
1,2,17,0
1,0,13,0
1,4,20,1
2,0,13,0
2,1,13,0
3,0,13,0
1,2,19,0
1,2,22,1
0,2,20,1
0,2,18,1
2,2,20,1
1,1,21,0
2,0,14,1
2,2,16,1
2,2,25,0
2,1,15,0
0,5,18,1
1,1,21,0
2,2,20,1
1,4,26,1
0,5,27,0
1,1,18,1
1,1,13,0
2,3,23,0
1,2,21,0
0,3,18,1
2,2,16,1
2,1,14,1
1,1,22,1
1,4,21,0
0,1,17,0
1,3,23,0
3,2,19,0
2,0,8,1
0,1,21,0
1,1,16,1
2,0,16,1
1,1,12,1
0,1,19,0
1,0,16,1
2,0,6,1
1,0,11,0
1,1,17,0
1,2,19,0
1,0,15,0
1,2,22,1
1,5,17,0
0,3,20,1
0,2,24,1
2,0,13,0
0,2,24,1
1,1,18,1
2,0,13,0
2,1,17,0
0,1,17,0
2,0,11,0
4,2,17,0
1,0,17,0
2,2,23,0
0,1,21,0
0,0,18,1
2,0,17,0
1,0,14,1
1,1,21,0
1,4,29,0
2,3,28,1
1,4,27,0
1,0,13,0
0,1,22,1
1,3,13,0
3,0,14,1
1,1,20,1
2,0,13,0
1,1,14,1
1,0,11,0
2,2,15,0
3,2,23,0
3,1,13,0
0,2,15,0
1,3,21,0
1,0,14,1
3,1,15,0
0,2,22,1
1,2,23,0
1,0,14,1
2,0,13,0
2,4,25,0
3,1,15,0
3,0,14,1
1,2,22,1
3,0,11,0
2,1,20,1
2,0,13,0
0,2,21,0
1,0,14,1
1,2,21,0
0,3,29,0
0,0,15,0
2,1,20,1
2,0,13,0
0,1,26,1
3,4,22,1
1,3,26,1
1,3,34,1
2,0,13,0
1,2,18,1
1,2,23,0
2,2,21,0
0,1,20,1
2,0,14,1
2,0,14,1
1,1,22,1
2,3,20,1
1,2,20,1
1,1,11,0
2,1,15,0
1,4,29,0
2,4,31,0
1,2,21,0
1,0,14,1
0,0,18,1
1,2,19,0
0,2,19,0
2,3,22,1
1,0,18,1
1,0,14,1
3,1,13,0
3,0,15,0
0,0,15,0
1,1,22,1
0,2,24,1
1,2,21,0
4,1,14,1
2,0,13,0
2,0,14,1
2,1,15,0
1,0,17,0
1,0,14,1
2,1,16,1
1,0,22,1
1,2,20,1
1,1,21,0
1,4,21,0
2,1,17,0
1,2,14,1
2,1,12,1
1,0,14,1
2,1,17,0
2,0,19,0
0,0,19,0
3,0,7,0
1,1,20,1
1,1,11,0
2,1,17,0
1,2,16,1
1,2,19,0
1,0,18,1
2,3,23,0
2,1,11,0
0,3,29,0
1,1,12,1
0,1,17,0
1,0,20,1
2,2,19,0
0,1,16,1
1,0,12,1
3,0,15,0
1,0,12,1
0,2,24,1
0,1,20,1
1,3,18,1
0,1,22,1
0,0,15,0
2,0,13,0
2,1,19,0
1,1,14,1
2,1,13,0
2,0,16,1
1,1,21,0
2,0,15,0
1,1,11,0
0,2,19,0
2,2,16,1
0,2,24,1
1,2,13,0
0,1,15,0
1,1,19,0
2,2,19,0
1,0,20,1
0,1,21,0
0,0,19,0
0,2,19,0
0,0,22,1
0,0,18,1
0,0,22,1
3,5,33,0
0,1,16,1
1,1,18,1
1,0,14,1
0,0,19,0
2,0,13,0
1,2,20,1
1,1,14,1
0,0,18,1
2,5,23,0
1,1,15,0
1,1,17,0
0,0,18,1
1,2,20,1
0,3,28,1
0,0,17,0
1,3,24,1
1,1,13,0
2,1,18,1
2,0,15,0
2,3,21,0
1,2,22,1
2,1,23,0
1,7,35,0
0,2,21,0
0,1,15,0
1,2,22,1
0,2,19,0
3,1,16,1
1,2,14,1
2,1,18,1
2,2,13,0
1,0,21,0
0,1,20,1
1,2,23,0
1,3,20,1
1,0,20,1
2,2,21,0
1,1,18,1
1,2,14,1
0,1,15,0
0,1,19,0
0,0,15,0
1,1,16,1
1,1,22,1
1,0,16,1
2,1,17,0
0,1,20,1
2,4,20,1
0,2,24,1
1,6,28,1
0,0,19,0
0,1,18,1
1,0,14,1
1,1,21,0
3,3,21,0
0,1,20,1
1,2,14,1
1,0,20,1
2,1,18,1
2,1,15,0
2,0,14,1
2,1,19,0
0,5,33,0
2,0,15,0
1,1,12,1
2,2,15,0
0,0,21,0
1,1,18,1
2,0,8,1
1,1,19,0
2,0,15,0
1,2,21,0
3,0,12,1
2,0,12,1
0,0,18,1
1,2,27,0
2,0,12,1
2,0,13,0
2,3,14,1
1,2,17,0
2,2,16,1
1,0,13,0
3,3,20,1
2,1,21,0
1,1,20,1
0,0,18,1
1,1,20,1
0,2,23,0
2,1,16,1
1,2,17,0
1,1,14,1
1,2,22,1
2,0,9,0
3,1,7,0
3,1,17,0
3,1,23,0
3,0,14,1
2,0,13,0
1,3,17,0
1,1,18,1
2,2,24,1
2,1,21,0
0,0,18,1
0,0,15,0
3,1,19,0
1,2,24,1
2,4,20,1
2,3,25,0
2,2,17,0
2,2,19,0
0,3,30,1
0,2,27,0
1,2,21,0
0,4,30,1
3,1,18,1
2,1,11,0
2,1,15,0
1,1,17,0
2,4,32,1
1,2,24,1
2,0,18,1
1,1,13,0
0,0,17,0
2,0,9,0
0,0,19,0
2,3,29,0
0,1,24,1
1,1,16,1
0,0,17,0
1,1,18,1
1,0,16,1
3,1,18,1
1,1,19,0
1,2,21,0
0,0,18,1
3,1,18,1
1,3,26,1
2,0,8,1
2,1,19,0
2,0,17,0
2,3,28,1
2,0,13,0
1,0,15,0
0,1,20,1
0,2,24,1
0,1,17,0
1,2,14,1
2,2,24,1
1,2,21,0
0,2,24,1
0,2,28,1
0,2,22,1
2,1,13,0
0,2,22,1
0,2,21,0
3,3,23,0
2,1,9,0
2,0,12,1
1,3,14,1
1,0,13,0
3,3,21,0
1,1,20,1
1,0,15,0
1,1,13,0
2,2,18,1
1,1,17,0
1,0,16,1
0,0,20,1
1,5,33,0
2,0,13,0
0,2,22,1
3,10,33,0
1,6,31,0
1,1,24,1
1,1,10,1
3,0,7,0
1,0,15,0
1,2,19,0
1,4,21,0
1,0,14,1
3,1,14,1
1,1,12,1
2,1,19,0
2,0,11,0
0,2,24,1
2,1,10,1
1,0,11,0
3,1,22,1
1,1,16,1
3,0,14,1
2,1,18,1
1,3,24,1
4,0,14,1
1,1,18,1
1,4,27,0
2,1,14,1
3,0,15,0
2,0,11,0
2,2,16,1
1,6,33,0
0,0,15,0
1,1,17,0
1,4,32,1
2,2,19,0
1,0,13,0
0,1,24,1
0,4,20,1
2,1,19,0
2,1,11,0
2,2,23,0
2,1,15,0
1,2,23,0
1,1,23,0
2,0,11,0
1,0,15,0
0,1,20,1
3,1,19,0
2,1,17,0
0,3,20,1
1,0,18,1
2,0,14,1
3,2,20,1
2,2,19,0
1,0,18,1
0,6,31,0
2,3,27,0
1,1,20,1
1,0,15,0
2,2,18,1
2,1,16,1
1,3,19,0
1,1,18,1
2,1,15,0
0,4,28,1
3,1,13,0
1,2,14,1
0,0,19,0
2,1,15,0
2,1,18,1
1,0,19,0
2,1,18,1
1,1,21,0
2,2,15,0
0,2,21,0
2,2,24,1
3,10,44,1
1,1,12,1
0,1,16,1
2,0,15,0
2,1,18,1
3,1,16,1
1,1,15,0
0,2,24,1
1,1,15,0
3,2,15,0
0,4,35,0
1,2,18,1
1,0,16,1
2,1,13,0
2,0,11,0
0,0,16,1
2,1,15,0
1,1,19,0
1,3,25,0
2,0,7,0
1,2,18,1
0,0,18,1
1,0,16,1
0,0,16,1
2,1,16,1
1,1,15,0
2,4,31,0
1,0,14,1
0,0,19,0
2,2,19,0
2,0,11,0
1,0,14,1
1,0,14,1
0,1,20,1
0,0,15,0
0,3,27,0
2,3,18,1
2,0,15,0
3,0,8,1
1,3,22,1
2,2,20,1
1,1,12,1
1,1,17,0
3,3,15,0
1,1,10,1
1,1,19,0
1,3,27,0
1,1,20,1
1,0,13,0
0,1,20,1
0,1,20,1
3,3,23,0
0,7,34,1
1,0,16,1
3,1,20,1
3,2,18,1
1,1,17,0
2,1,13,0
1,2,16,1
2,0,5,0
0,3,20,1
1,1,23,0
1,2,24,1
1,1,15,0
3,1,13,0
0,1,20,1
1,0,16,1
2,3,20,1
3,0,7,0
1,3,22,1
1,1,14,1
0,2,20,1
3,1,16,1
0,3,29,0
2,0,18,1
1,1,13,0
1,0,14,1
2,0,18,1
0,2,13,0
1,4,21,0
0,1,24,1
2,2,18,1
3,4,20,1
0,3,30,1
1,0,17,0
1,0,12,1
2,1,18,1
2,2,15,0
1,1,19,0
1,0,11,0
0,1,17,0
0,0,18,1
3,0,14,1
1,1,16,1
1,1,19,0
1,4,26,1
2,0,14,1
1,0,10,1
3,1,15,0
2,0,18,1
2,1,16,1
3,1,15,0
1,3,25,0
1,0,16,1
1,0,12,1
1,0,10,1
3,3,18,1
1,3,21,0
2,4,26,1
0,1,21,0
1,2,15,0
2,1,13,0
1,2,30,1
1,1,16,1
1,2,17,0
1,3,15,0
1,0,12,1
2,2,19,0
1,1,17,0
3,0,12,1
0,0,19,0
3,0,11,0
1,1,14,1
1,2,22,1
1,0,12,1
0,2,17,0
1,1,19,0
1,2,25,0
2,0,11,0
2,2,18,1
3,2,18,1
2,2,24,1
0,2,14,1
2,0,15,0
1,0,15,0
1,1,15,0
1,3,22,1
3,2,24,1
2,1,10,1
2,3,13,0
0,4,26,1
2,1,11,0
1,0,11,0
2,0,5,0
2,3,20,1
1,4,15,0
0,2,22,1
1,1,16,1
2,2,20,1
0,1,20,1
3,0,15,0
0,1,19,0
3,2,15,0
2,1,12,1
2,2,21,0
1,2,19,0
2,1,20,1
1,3,18,1
1,2,26,1
2,2,14,1
3,1,15,0
1,0,15,0
2,1,19,0
2,0,11,0
0,1,19,0
0,1,18,1
1,0,13,0
2,1,12,1
1,4,28,1
0,2,26,1
0,1,17,0
0,0,16,1
1,2,22,1
0,0,21,0
1,3,16,1
1,0,13,0
2,1,18,1
2,1,19,0
2,2,15,0
2,2,24,1
0,3,26,1
1,0,19,0
1,1,19,0
1,1,18,1
2,0,12,1
2,4,22,1
1,2,17,0
0,0,17,0
1,1,19,0
3,2,16,1
2,3,23,0
0,1,19,0
2,1,20,1
1,2,19,0
1,0,15,0
1,1,20,1
0,1,19,0
2,1,15,0
1,0,12,1
2,1,13,0
2,0,13,0
1,0,20,1
2,0,12,1
0,1,19,0
1,3,24,1
1,1,16,1
2,0,9,0
2,4,25,0
2,1,13,0
0,1,20,1
2,1,13,0
0,1,18,1
0,1,19,0
1,2,21,0
0,0,16,1
2,0,12,1
1,1,17,0
1,2,18,1
2,1,14,1
1,1,18,1
2,2,20,1
2,1,9,0
1,5,38,1
0,1,24,1
1,2,22,1
2,1,17,0
1,2,17,0
0,4,22,1
1,0,15,0
1,3,18,1
1,3,20,1
1,0,11,0
2,0,14,1
1,3,21,0
2,1,14,1
0,0,15,0
2,0,12,1
2,0,16,1
1,1,25,0
1,0,11,0
2,1,8,1
1,1,17,0
1,1,9,0
1,0,14,1
2,5,34,1
1,1,21,0
0,2,27,0
0,2,20,1
1,1,17,0
0,0,17,0
1,2,23,0
1,0,18,1
2,2,20,1
0,2,26,1
1,3,20,1
0,0,20,1
2,0,12,1
0,1,17,0
1,0,15,0
0,1,17,0
2,1,12,1
2,0,15,0
2,1,15,0
2,0,13,0
1,0,17,0
1,0,15,0
1,3,25,0
3,0,19,0
3,0,17,0
1,1,21,0
3,0,16,1
1,0,10,1
0,1,19,0
2,0,10,1
1,1,23,0
0,1,24,1
2,0,17,0
2,1,13,0
1,1,18,1
2,0,19,0
1,3,19,0
3,1,15,0
1,0,15,0
1,3,15,0
2,1,13,0
0,1,19,0
2,0,11,0
2,0,9,0
1,1,16,1
2,1,10,1
0,0,16,1
1,0,11,0
2,2,20,1
2,0,11,0
2,0,13,0
3,5,27,0
2,1,15,0
1,2,21,0
1,0,17,0
2,3,23,0
2,0,15,0
0,1,17,0
1,2,14,1
1,3,26,1
0,2,24,1
4,3,19,0
2,3,24,1
3,0,14,1
0,3,26,1
1,0,14,1
3,1,15,0
1,2,13,0
3,0,11,0
0,2,19,0
3,3,17,0
1,1,17,0
1,2,20,1
1,1,16,1
3,0,14,1
1,0,11,0
0,1,19,0
0,0,21,0
2,0,12,1
1,0,13,0
0,4,21,0
1,1,18,1
2,2,14,1
3,0,11,0
2,2,16,1
2,0,16,1
1,1,11,0
3,0,9,0
2,3,18,1
4,3,18,1
0,0,15,0
1,5,24,1
2,2,13,0
1,1,19,0
2,6,29,0
1,3,25,0
1,0,16,1
0,0,18,1
1,4,26,1
3,2,20,1
2,0,18,1
3,1,11,0
0,1,23,0
2,3,25,0
2,1,13,0
1,1,20,1
1,3,23,0
1,0,16,1
1,2,23,0
1,1,22,1
2,2,24,1
2,3,17,0
0,1,19,0
0,2,25,0
0,0,22,1
0,3,26,1
1,1,12,1
2,0,12,1
0,0,19,0
1,4,23,0
3,0,19,0
1,2,27,0
2,1,15,0
1,6,29,0
0,2,23,0
0,1,15,0
2,2,15,0
3,1,17,0
0,0,18,1
0,1,24,1
3,1,15,0
0,1,20,1
0,4,22,1
2,1,20,1
0,1,23,0
2,0,17,0
1,0,14,1
0,3,22,1
1,1,16,1
1,2,18,1
1,1,19,0
2,1,12,1
2,1,18,1
3,1,20,1
1,1,16,1
1,3,15,0
2,1,14,1
0,1,22,1
1,1,14,1
0,1,14,1
1,1,18,1
1,2,19,0
0,4,23,0
2,1,13,0
1,2,24,1
2,1,14,1
2,1,15,0
0,1,19,0
1,1,11,0
2,2,17,0
0,0,16,1
2,1,18,1
2,1,21,0
2,1,15,0
1,2,22,1
2,1,23,0
4,2,22,1
1,1,23,0
2,2,26,1
3,0,13,0
3,3,23,0
1,1,12,1
2,1,20,1
1,3,27,0
2,2,17,0
1,2,19,0
1,1,21,0
0,1,27,0
0,1,19,0
0,1,23,0
2,2,22,1
2,1,21,0
1,0,15,0
0,2,21,0
2,0,15,0
2,2,15,0
1,1,12,1
0,1,20,1
1,0,11,0
1,4,27,0
1,3,27,0
2,3,16,1
2,0,7,0
0,2,18,1
3,2,23,0
4,0,11,0
3,0,10,1
1,0,11,0
3,0,17,0
1,4,32,1
2,1,15,0
2,1,13,0
0,0,22,1
1,1,22,1
0,1,21,0
1,3,20,1
3,0,17,0
2,1,15,0
2,1,16,1
0,1,23,0
3,0,5,0
3,3,22,1
3,1,15,0
3,0,14,1
3,2,20,1
1,2,28,1
0,3,17,0
1,2,11,0
0,3,23,0
1,0,21,0
1,1,10,1
2,0,16,1
1,4,30,1
2,1,18,1
2,1,20,1
1,1,13,0
2,0,15,0
1,2,25,0
1,2,18,1
0,0,16,1
1,3,32,1
1,0,19,0
1,1,11,0
2,0,19,0
0,3,28,1
2,0,6,1
2,2,17,0
3,0,5,0
1,2,16,1
1,0,12,1
1,0,17,0
2,0,14,1
2,0,16,1
2,3,22,1
0,1,21,0
2,1,15,0
1,2,21,0
0,1,22,1
4,3,22,1
3,1,15,0
0,3,22,1
1,1,20,1
1,2,20,1
2,0,11,0
1,0,11,0
2,0,12,1
1,2,19,0
2,1,13,0
2,0,7,0
2,0,16,1
0,0,17,0
2,0,15,0
1,0,18,1
1,3,24,1
1,1,16,1
2,0,6,1
2,2,16,1
1,1,18,1
0,0,21,0
2,0,15,0
1,1,19,0
1,2,17,0
1,0,16,1
2,0,6,1
2,1,24,1
1,3,20,1
1,3,18,1
1,0,11,0
1,3,17,0
2,2,22,1
0,0,17,0
2,0,17,0
2,1,11,0
1,2,19,0
1,1,13,0
1,0,17,0
1,2,20,1
1,1,18,1
1,2,19,0
2,1,20,1
1,1,20,1
1,0,12,1
2,2,21,0
1,1,15,0
1,7,41,0
0,1,20,1
1,1,26,1
0,1,26,1
0,0,17,0
0,1,22,1
1,0,16,1
2,1,15,0
0,0,21,0
2,2,21,0
2,0,7,0
0,0,16,1
1,2,28,1
1,1,12,1
2,0,11,0
1,1,19,0
0,5,27,0
1,3,23,0
0,1,17,0
1,0,19,0
0,2,29,0
3,0,14,1
1,2,15,0
1,0,11,0
1,7,32,1
1,0,9,0
1,1,12,1
1,2,19,0
1,1,19,0
0,1,19,0
0,0,19,0
1,1,13,0
0,1,25,0
1,0,11,0
2,0,11,0
2,0,8,1
0,0,18,1
2,0,15,0
0,0,19,0
2,0,11,0
2,0,11,0
1,1,11,0
0,4,35,0
1,1,19,0
1,0,21,0
2,2,22,1
2,1,14,1
0,3,24,1
3,2,15,0
2,2,18,1
2,0,19,0
2,2,18,1
2,2,21,0
1,0,16,1
1,0,16,1
1,1,17,0
2,0,9,0
1,0,16,1
1,2,12,1
2,4,23,0
1,3,16,1
2,1,14,1
2,0,16,1
1,0,17,0
1,2,17,0
2,1,11,0
1,1,27,0
1,0,16,1
4,0,17,0
1,0,12,1
1,1,17,0
1,1,21,0
1,0,18,1
2,0,10,1
0,4,28,1
0,3,27,0
1,2,18,1
3,4,24,1
1,1,24,1
1,0,19,0
0,2,22,1
2,1,13,0
0,1,22,1
0,1,21,0
0,0,16,1
1,3,27,0
1,5,35,0
0,2,21,0
2,1,14,1
1,0,12,1
3,1,19,0
1,2,21,0
3,5,25,0
2,0,9,0
2,3,22,1
1,6,34,1
1,1,25,0
1,1,18,1
3,3,21,0
1,2,19,0
3,0,8,1
2,0,16,1
2,0,11,0
1,1,21,0
1,1,27,0
3,0,8,1
0,0,13,0
2,1,16,1
1,1,18,1
2,2,13,0
2,2,14,1
0,1,18,1
2,1,11,0
1,1,22,1
2,2,17,0
0,1,19,0
2,1,19,0
1,1,11,0
1,0,15,0
1,1,14,1
2,0,12,1
2,1,20,1
0,2,22,1
2,3,21,0
0,0,16,1
0,2,21,0
0,1,24,1
2,0,14,1
3,3,22,1
0,1,16,1
0,0,15,0
1,0,17,0
2,0,14,1
1,0,17,0
0,1,25,0
0,4,32,1
2,1,12,1
1,1,18,1
0,1,17,0
1,2,14,1
1,0,15,0
1,3,24,1
1,1,21,0
0,0,17,0
1,2,22,1
2,4,28,1
1,1,20,1
3,6,31,0
1,6,36,1
1,1,15,0
1,0,16,1
1,1,19,0
0,1,19,0
1,1,15,0
1,2,16,1
3,2,22,1
1,4,24,1
0,2,18,1
0,0,19,0
2,1,13,0
1,4,21,0
1,4,37,0
1,1,19,0
1,0,14,1
1,0,17,0
2,0,14,1
2,1,14,1
1,3,23,0
0,1,19,0
1,1,19,0
1,3,19,0
2,0,13,0
0,2,23,0
1,0,18,1
1,2,21,0
1,0,11,0
3,2,21,0
1,3,15,0
2,0,15,0
1,1,13,0
0,0,22,1
0,3,28,1
2,1,15,0
1,1,17,0
2,2,19,0
1,4,20,1
0,1,15,0
1,1,14,1
3,0,14,1
2,1,20,1
1,2,15,0
1,2,18,1
3,2,15,0
2,3,25,0
0,3,28,1
1,2,22,1
2,3,19,0
2,0,20,1
1,0,11,0
1,4,26,1
2,1,15,0
2,0,15,0
2,1,12,1
3,0,15,0
0,2,26,1
3,1,22,1
2,0,9,0
1,2,20,1
0,1,17,0
0,2,26,1
2,2,16,1
2,0,15,0
2,1,15,0
1,1,18,1
1,2,13,0
1,0,18,1
4,0,10,1
2,0,11,0
2,1,15,0
2,0,14,1
2,0,12,1
2,0,11,0
1,0,17,0
1,7,40,1
2,0,11,0
2,0,13,0
2,2,16,1
2,0,16,1
0,0,17,0
4,2,22,1
0,3,17,0
2,2,21,0
1,4,29,0
1,2,21,0
2,4,23,0
1,1,18,1
0,1,16,1
0,4,32,1
2,0,5,0
2,4,25,0
1,2,25,0
0,0,19,0
0,0,18,1
1,1,21,0
2,0,14,1
1,3,28,1
3,2,25,0
2,2,19,0
1,0,13,0
0,1,15,0
2,1,19,0
2,0,16,1
1,3,24,1
2,3,19,0
1,1,16,1
1,3,28,1
1,2,18,1
0,1,15,0
2,0,8,1
1,0,9,0
0,2,19,0
1,1,15,0
3,1,15,0
2,2,17,0
2,2,29,0
1,1,19,0
1,2,23,0
2,2,23,0
1,0,13,0
1,4,24,1
1,1,15,0
2,2,18,1
0,2,20,1
0,0,15,0
1,0,12,1
0,1,24,1
1,1,19,0
2,2,21,0
1,2,25,0
0,1,21,0
2,4,20,1
2,0,14,1
0,2,20,1
1,1,11,0
1,2,18,1
0,1,16,1
2,2,19,0
1,5,41,0
4,5,16,1
0,0,18,1
0,1,16,1
0,2,23,0
2,3,25,0
0,0,13,0
0,1,24,1
1,2,20,1
0,2,20,1
1,2,26,1
1,0,14,1
3,0,14,1
2,1,18,1
2,4,27,0
1,0,14,1
1,1,17,0
1,1,22,1
0,1,22,1
0,0,18,1
0,2,15,0
2,2,23,0
0,0,16,1
1,2,20,1
1,1,22,1
0,2,18,1
2,0,13,0
1,3,28,1
1,2,19,0
1,5,24,1
2,2,20,1
0,1,18,1
1,2,21,0
1,2,22,1
0,1,15,0
1,1,20,1
2,0,12,1
1,0,18,1
2,1,18,1
0,1,19,0
0,2,17,0
1,0,11,0
1,0,17,0
1,3,17,0
1,2,23,0
1,0,14,1
2,0,20,1
0,1,20,1
2,2,22,1
1,1,17,0
0,4,24,1
1,1,13,0
3,1,18,1
0,0,17,0
1,0,12,1
2,1,20,1
1,0,19,0
1,0,21,0
2,1,14,1
2,2,18,1
3,2,22,1
2,0,16,1
0,2,22,1
3,3,24,1
2,0,9,0
1,4,33,0
1,0,16,1
1,2,18,1
2,0,14,1
1,0,13,0
4,0,13,0
1,0,16,1
2,4,29,0
0,3,26,1
1,1,15,0
2,2,20,1
1,3,22,1
1,1,18,1
2,5,24,1
1,1,11,0
1,2,17,0
1,4,32,1
1,0,13,0
2,5,32,1
2,4,26,1
2,3,27,0
3,0,5,0
0,1,19,0
1,1,26,1
2,0,11,0
1,1,18,1
1,0,17,0
1,2,21,0
3,0,14,1
2,1,18,1
1,0,15,0
0,1,20,1
1,0,19,0
0,2,15,0
2,2,19,0
1,2,24,1
2,1,17,0
1,0,16,1
2,2,16,1
1,0,17,0
1,0,12,1
2,2,23,0
1,0,10,1
2,1,19,0
2,2,17,0
4,0,7,0
0,1,19,0
0,2,16,1
3,0,13,0
0,0,17,0
1,4,32,1
2,0,16,1
0,1,19,0
0,1,16,1
1,0,14,1
0,3,24,1
2,4,21,0
1,5,23,0
1,0,10,1
2,1,16,1
2,1,14,1
1,1,22,1
1,0,17,0
2,3,23,0
2,1,18,1
2,0,13,0
0,3,25,0
1,2,14,1
3,1,15,0
3,2,14,1
0,2,24,1
2,0,13,0
1,1,10,1
3,0,19,0
1,1,19,0
2,2,23,0
1,3,26,1
2,0,15,0
2,0,14,1
1,4,28,1
2,2,12,1
1,2,19,0
1,1,15,0
0,1,20,1
2,0,15,0
1,1,24,1
1,1,21,0
1,0,18,1
1,3,22,1
1,1,13,0
1,0,16,1
1,1,11,0
0,2,25,0
2,3,26,1
1,1,17,0
1,2,19,0
1,1,25,0
2,0,13,0
0,0,15,0
4,4,18,1
1,3,27,0
1,0,12,1
1,3,26,1
0,5,21,0
0,1,18,1
1,1,21,0
0,3,22,1
2,0,13,0
2,2,24,1
1,2,21,0
1,1,19,0
1,0,12,1
0,1,20,1
0,2,21,0
2,3,29,0
2,1,21,0
0,2,27,0
1,2,13,0
0,0,18,1
2,2,11,0
1,2,26,1
1,2,16,1
0,0,15,0
0,4,21,0
1,0,13,0
1,1,25,0
1,0,11,0
0,2,18,1
2,5,21,0
2,1,11,0
0,2,18,1
0,1,22,1
1,3,22,1
0,2,17,0
1,3,22,1
0,1,25,0
0,1,18,1
1,1,15,0
2,3,28,1
2,0,13,0
1,0,18,1
1,3,19,0
1,0,12,1
2,0,11,0
2,1,9,0
1,2,22,1
3,0,19,0
1,4,21,0
2,3,22,1
1,2,10,1
1,1,11,0
2,1,13,0
2,2,20,1
1,2,20,1
1,1,21,0
2,4,22,1
1,0,17,0
2,2,20,1
1,1,12,1
0,0,19,0
1,4,32,1
1,0,11,0
0,0,16,1
0,1,19,0
2,3,27,0
2,1,9,0
3,0,11,0
2,1,15,0
2,3,21,0
1,1,13,0
1,2,20,1
1,1,15,0
0,2,23,0
1,2,19,0
0,2,17,0
3,2,19,0
1,2,23,0
0,2,26,1
1,2,19,0
1,1,16,1
1,4,29,0
0,3,24,1
1,1,20,1
1,2,21,0
0,1,16,1
1,0,17,0
1,0,15,0
1,3,25,0
0,2,19,0
2,1,17,0
0,2,26,1
1,0,13,0
2,0,8,1
2,3,18,1
2,2,21,0
0,4,26,1
2,3,17,0
1,0,13,0
2,0,14,1
2,1,15,0
2,0,14,1
2,0,9,0
0,2,25,0
1,0,16,1
2,2,26,1
1,0,22,1
2,0,15,0
1,1,12,1
3,1,20,1
0,1,14,1
0,2,24,1
3,0,15,0
1,3,17,0
2,1,15,0
0,2,24,1
1,0,13,0
2,1,12,1
2,5,28,1
2,1,14,1
2,2,22,1
2,2,22,1
2,0,12,1
1,2,22,1
2,5,31,0
2,2,21,0
2,3,25,0
2,1,10,1
0,1,17,0
2,0,14,1
0,2,19,0
2,1,10,1
1,1,14,1
2,2,17,0
1,0,16,1
1,0,15,0
0,1,19,0
1,2,22,1
2,0,5,0
1,1,19,0
1,3,17,0
3,1,12,1
1,0,14,1
4,2,18,1
1,0,18,1
3,2,16,1
0,1,21,0
0,0,19,0
0,1,22,1
3,0,13,0
2,1,19,0
2,0,12,1
3,2,22,1
1,0,20,1
1,0,14,1
2,3,18,1
0,1,25,0
0,0,20,1
2,1,11,0
2,3,24,1
3,0,13,0
2,0,9,0
1,1,20,1
1,2,26,1
1,1,21,0
3,1,17,0
2,2,12,1
2,2,23,0
0,2,25,0
2,0,11,0
2,4,27,0
0,0,17,0
1,0,18,1
0,4,22,1
1,2,24,1
0,1,15,0
1,1,20,1
2,1,23,0
1,3,21,0
1,2,23,0
1,1,20,1
2,0,15,0
2,2,22,1
1,1,17,0
1,0,11,0
0,3,24,1
3,1,23,0
2,0,12,1
1,1,17,0
0,0,21,0
2,1,18,1
1,3,25,0
1,2,31,0
1,2,20,1
3,0,16,1
0,4,26,1
3,5,23,0
1,1,20,1
0,2,21,0
1,1,18,1
3,1,17,0
1,2,24,1
2,0,16,1
2,0,14,1
1,2,23,0
2,1,21,0
1,1,20,1
1,0,14,1
2,2,19,0
1,0,13,0
2,0,9,0
1,2,17,0
1,0,17,0
2,0,12,1
2,0,5,0
2,0,11,0
1,1,18,1
1,0,13,0
2,1,19,0
1,0,11,0
0,0,19,0
2,3,22,1
0,2,23,0
0,1,21,0
2,2,16,1
2,0,16,1
0,0,21,0
1,0,20,1
2,1,13,0
1,2,14,1
2,1,16,1
2,1,16,1
1,0,19,0
1,1,18,1
1,3,24,1
0,1,21,0
1,3,21,0
1,1,19,0
1,1,19,0
2,0,11,0
0,1,18,1
1,1,18,1
2,0,16,1
1,1,20,1
0,4,21,0
1,1,19,0
2,1,12,1
2,1,11,0
3,0,9,0
2,1,17,0
2,2,21,0
1,0,13,0
1,1,13,0
1,2,23,0
2,3,32,1
0,4,20,1
2,2,12,1
1,1,21,0
2,3,14,1
2,1,8,1
0,2,23,0
1,0,15,0
0,0,17,0
1,2,22,1
2,0,20,1
0,2,21,0
2,0,15,0
1,2,19,0
1,3,15,0
1,4,20,1
2,1,16,1
2,2,26,1
1,1,13,0
1,1,15,0
2,0,16,1
1,1,24,1
1,2,21,0
2,2,16,1
1,0,15,0
2,2,19,0
2,5,32,1
1,3,23,0
2,4,29,0
0,2,16,1
3,2,15,0
3,2,23,0
2,0,18,1
1,2,19,0
1,2,25,0
1,3,24,1
2,0,16,1
2,1,15,0
2,0,9,0
1,3,24,1
1,1,15,0
2,0,14,1
1,1,21,0
4,3,26,1
1,0,12,1
1,1,16,1
2,2,23,0
2,2,16,1
0,3,22,1
1,2,16,1
4,4,22,1
1,0,16,1
0,3,28,1
2,2,28,1
3,1,15,0
0,0,15,0
2,1,23,0
0,1,19,0
2,3,24,1
1,1,15,0
0,0,15,0
0,1,19,0
3,1,14,1
4,3,22,1
1,3,21,0
2,3,26,1
4,0,16,1
2,1,14,1
2,2,17,0
1,1,19,0
0,0,18,1
1,1,11,0
1,0,14,1
0,1,22,1
3,1,12,1
2,0,11,0
3,2,15,0
1,2,11,0
1,4,32,1
1,6,26,1
1,2,26,1
1,0,18,1
2,0,14,1
1,1,14,1
3,2,15,0
2,0,17,0
3,1,14,1
2,0,10,1
2,0,14,1
1,2,26,1
1,3,18,1
2,0,15,0
3,4,21,0
0,1,21,0
1,0,16,1
1,1,16,1
0,1,19,0
0,0,18,1
1,2,16,1
2,1,11,0
1,1,18,1
0,4,17,0
2,1,16,1
1,1,22,1
1,5,26,1
3,0,11,0
2,4,29,0
0,3,25,0
3,1,21,0
3,0,14,1
0,0,16,1
0,2,15,0
2,0,16,1
1,0,11,0
2,0,11,0
2,2,22,1
1,3,27,0
2,0,12,1
3,5,23,0
2,1,17,0
1,3,19,0
1,0,12,1
1,3,24,1
1,2,23,0
0,2,14,1
1,2,15,0
1,0,11,0
3,1,17,0
1,1,18,1
2,1,20,1
2,0,13,0
0,1,20,1
3,1,17,0
2,2,11,0
0,2,14,1
0,1,19,0
0,3,20,1
1,0,17,0
1,0,16,1
1,0,18,1
1,0,14,1
3,3,27,0
2,1,20,1
1,2,25,0
1,5,34,1
3,6,40,1
1,1,19,0
2,0,17,0
0,2,20,1
0,0,16,1
3,0,11,0
1,3,19,0
1,0,12,1
1,3,25,0
2,0,11,0
2,3,19,0
2,4,28,1
1,1,14,1
1,2,17,0
0,1,20,1
0,0,19,0
1,0,19,0
3,1,7,0
1,3,21,0
2,1,20,1
1,0,13,0
1,1,19,0
1,3,25,0
1,2,22,1
0,2,24,1
1,0,13,0
1,0,14,1
2,1,15,0
0,3,21,0
2,3,22,1
2,2,12,1
1,1,17,0
1,2,24,1
1,2,19,0
1,3,25,0
0,1,21,0
1,0,15,0
2,0,12,1
2,1,13,0
2,0,10,1
1,2,16,1
3,0,8,1
1,1,16,1
1,1,11,0
1,0,18,1
2,6,30,1
1,0,13,0
1,3,24,1
0,0,15,0
2,3,27,0
1,0,15,0
3,0,14,1
0,1,18,1
0,1,22,1
1,0,16,1
1,1,19,0
2,1,17,0
0,0,15,0
1,1,16,1
4,1,14,1
2,3,33,0
2,1,12,1
1,1,18,1
2,1,7,0
1,1,21,0
1,0,16,1
1,0,17,0
3,1,15,0
1,0,14,1
0,4,25,0
1,2,15,0
1,1,17,0
2,1,17,0
2,2,22,1
1,1,17,0
0,5,30,1
1,0,15,0
2,2,15,0
1,0,10,1
2,2,21,0
2,1,18,1
0,1,13,0
3,1,16,1
2,0,20,1
3,1,12,1
0,0,15,0
0,4,25,0
3,0,13,0
2,1,17,0
2,3,22,1
0,8,35,0
2,2,15,0
1,0,16,1
1,2,23,0
0,0,18,1
2,1,12,1
1,2,17,0
1,1,17,0
1,2,19,0
2,1,19,0
1,1,19,0
0,0,15,0
1,1,16,1
0,1,17,0
2,1,15,0
0,2,26,1
1,0,17,0
1,2,21,0
2,2,16,1
2,0,14,1
2,0,16,1
0,0,14,1
1,2,22,1
0,2,21,0
3,0,15,0
2,0,9,0
1,1,18,1
1,0,18,1
2,3,14,1
2,4,25,0
0,4,22,1
2,2,20,1
2,1,21,0
1,0,18,1
2,1,14,1
0,0,21,0
0,1,19,0
1,2,20,1
2,1,21,0
0,1,15,0
2,2,18,1
1,1,13,0
3,1,13,0
2,2,21,0
1,1,13,0
1,0,13,0
3,1,14,1
2,3,20,1
2,0,10,1
0,2,19,0
1,1,18,1
1,2,25,0
2,4,29,0
0,0,17,0
2,1,19,0
1,0,17,0
2,1,15,0
1,6,31,0
1,1,18,1
3,2,21,0
1,4,26,1
1,2,20,1
1,2,15,0
1,0,12,1
0,0,15,0
1,2,21,0
0,4,30,1
1,2,22,1
0,3,32,1
0,4,27,0
2,3,19,0
0,2,21,0
0,2,19,0
1,1,12,1
2,1,9,0
1,1,18,1
2,0,19,0
0,1,14,1
2,1,16,1
2,1,20,1
1,2,16,1
1,0,13,0
0,0,18,1
3,1,14,1
2,1,10,1
1,1,15,0
0,2,21,0
0,0,17,0
0,4,29,0
1,0,9,0
1,0,17,0
2,3,13,0
1,2,19,0
1,0,16,1
0,0,14,1
2,1,23,0
1,0,16,1
1,2,17,0
2,6,42,1
4,1,20,1
2,0,6,1
2,9,39,0
0,1,20,1
0,4,27,0
2,3,17,0
3,3,16,1
2,3,29,0
1,1,15,0
1,0,9,0
1,2,22,1
1,0,12,1
0,2,23,0
3,0,19,0
0,1,19,0
1,2,16,1
2,0,5,0
3,2,12,1
0,2,21,0
2,1,19,0
1,2,25,0
1,2,20,1
2,0,15,0
3,1,15,0
2,3,27,0
2,0,11,0
1,3,27,0
1,3,22,1
1,2,18,1
2,1,7,0
5,7,39,0
1,3,27,0
1,6,26,1
1,8,46,1
1,1,19,0
1,0,13,0
2,1,6,1
1,0,14,1
1,3,25,0
0,1,22,1
2,1,15,0
1,0,17,0
0,4,26,1
0,1,22,1
1,1,16,1
0,0,19,0
0,1,23,0
0,2,23,0
2,0,12,1
2,0,7,0
1,2,12,1
2,3,23,0
1,0,14,1
1,2,15,0
1,1,13,0
1,0,14,1
1,2,21,0
1,3,23,0
2,0,14,1
2,1,21,0
1,1,21,0
1,3,25,0
2,0,19,0
1,4,27,0
3,0,15,0
1,0,12,1
0,6,34,1
2,1,20,1
1,1,13,0
1,1,17,0
2,1,11,0
1,1,25,0
1,0,18,1
1,0,11,0
1,0,18,1
1,0,15,0
2,2,17,0
4,0,11,0
0,3,28,1
0,1,15,0
1,0,17,0
1,1,19,0
3,1,17,0
1,4,27,0
0,0,16,1
2,0,13,0
1,2,17,0
1,1,9,0
0,0,16,1
1,0,12,1
0,0,15,0
1,0,17,0
1,0,13,0
0,4,21,0
0,2,15,0
1,2,28,1
1,6,42,1
0,2,22,1
2,0,14,1
0,0,22,1
1,1,24,1
3,1,11,0
3,3,21,0
1,2,21,0
1,3,27,0
1,0,17,0
2,1,17,0
1,3,25,0
1,3,21,0
1,1,19,0
0,2,32,1
1,2,13,0
2,2,16,1
1,0,19,0
2,2,28,1
3,2,14,1
1,3,27,0
2,0,12,1
1,4,19,0
0,3,19,0
0,3,24,1
3,4,26,1
1,0,12,1
3,0,11,0
0,2,17,0
0,5,29,0
1,1,14,1
1,2,19,0
3,1,18,1
0,1,20,1
2,2,14,1
2,1,12,1
0,1,19,0
1,0,10,1
2,1,16,1
0,2,19,0
0,0,17,0
2,1,17,0
2,2,17,0
0,1,20,1
1,1,20,1
1,2,20,1
1,0,16,1
2,2,24,1
2,2,28,1
0,0,16,1
1,3,24,1
0,3,20,1
1,1,20,1
1,3,30,1
1,0,13,0
2,4,22,1
0,0,17,0
3,0,12,1
0,1,22,1
1,1,21,0
1,0,14,1
1,2,18,1
1,3,18,1
0,1,13,0
3,0,11,0
1,1,19,0
1,0,14,1
1,1,20,1
2,0,16,1
2,2,23,0
2,11,38,1
2,1,11,0
1,0,16,1
4,1,18,1
2,2,19,0
1,3,25,0
0,4,27,0
1,4,27,0
2,2,13,0
3,1,15,0
1,1,16,1
1,1,15,0
1,3,24,1
1,2,19,0
1,0,11,0
2,0,15,0
1,0,12,1
0,3,17,0
1,1,18,1
0,3,22,1
2,2,22,1
0,0,18,1
3,0,11,0
1,2,21,0
1,2,16,1
1,1,20,1
1,7,27,0
1,4,24,1
1,0,19,0
1,0,13,0
3,1,20,1
1,4,25,0
1,0,13,0
1,1,17,0
1,0,16,1
2,2,12,1
0,0,15,0
1,3,23,0
1,1,9,0
2,5,24,1
0,1,15,0
3,1,18,1
2,0,10,1
0,0,17,0
1,3,27,0
4,3,16,1
1,1,20,1
1,0,18,1
1,0,14,1
2,2,18,1
0,5,28,1
1,0,20,1
0,1,22,1
0,1,23,0
2,1,17,0
1,1,20,1
1,4,30,1
1,0,14,1
2,2,22,1
2,2,24,1
1,1,14,1
1,1,15,0
1,0,9,0
1,2,19,0
2,0,9,0
1,0,15,0
1,2,18,1
1,1,16,1
1,3,23,0
2,1,14,1
1,3,20,1
1,1,20,1
0,5,25,0
0,1,18,1
1,1,13,0
0,0,15,0
1,2,16,1
2,0,11,0
0,0,14,1
2,2,22,1
2,1,12,1
1,1,17,0
1,0,16,1
0,4,29,0
0,1,22,1
2,1,6,1
2,0,12,1
1,0,19,0
1,1,15,0
1,0,15,0
1,1,18,1
1,1,23,0
0,4,24,1
0,3,25,0
1,0,15,0
2,3,26,1
1,3,24,1
1,1,19,0
1,6,26,1
2,2,18,1
1,2,25,0
2,0,11,0
2,4,26,1
0,3,20,1
1,1,15,0
1,0,18,1
1,1,17,0
0,2,24,1
0,1,19,0
4,1,12,1
0,1,21,0
1,0,20,1
0,0,15,0
3,1,15,0
1,1,15,0
1,0,19,0
1,4,31,0
1,3,20,1
3,0,13,0
2,1,15,0
1,2,22,1
2,1,18,1
0,3,22,1
2,4,28,1
1,0,13,0
2,0,6,1
1,2,21,0
2,0,16,1
2,1,18,1
3,0,13,0
1,1,17,0
1,0,9,0
1,2,14,1
0,1,19,0
1,1,15,0
2,0,14,1
2,3,12,1
1,2,13,0
1,0,18,1
3,3,22,1
1,1,12,1
2,1,13,0
2,3,15,0
1,1,12,1
2,0,16,1
3,1,17,0
1,1,15,0
3,0,18,1
1,2,23,0
1,2,23,0
0,0,19,0
1,2,20,1
2,1,17,0
1,3,18,1
1,0,15,0
3,2,23,0
1,3,29,0
2,2,17,0
1,1,19,0
1,2,23,0
1,0,15,0
0,1,22,1
1,2,19,0
1,0,13,0
3,1,18,1
0,3,20,1
2,1,13,0
2,1,15,0
3,3,25,0
3,0,7,0
1,3,18,1
2,1,17,0
0,0,18,1
1,1,18,1
1,3,25,0
3,0,12,1
1,2,22,1
0,1,18,1
1,1,14,1
0,1,19,0
2,0,5,0
1,1,19,0
0,0,15,0
2,0,17,0
1,0,11,0
1,1,22,1
1,4,32,1
2,0,20,1
1,1,18,1
0,1,19,0
0,0,18,1
2,1,18,1
0,0,15,0
1,3,22,1
1,4,33,0
1,0,11,0
1,0,14,1
1,2,21,0
2,0,12,1
0,0,13,0
1,4,21,0
2,2,20,1
2,1,14,1
2,0,11,0
2,5,27,0
2,1,15,0
0,1,22,1
2,1,17,0
1,0,13,0
1,0,11,0
1,3,23,0
2,2,17,0
0,4,26,1
0,1,25,0
1,0,12,1
0,1,13,0
3,1,18,1
1,0,14,1
0,3,22,1
1,2,16,1
2,0,16,1
0,3,31,0
2,2,16,1
1,0,15,0
3,1,8,1
1,3,24,1
2,1,17,0
0,0,18,1
3,0,14,1
1,4,21,0
2,0,11,0
0,0,18,1
1,0,17,0
2,5,34,1
1,2,18,1
2,1,12,1
2,4,21,0
1,2,17,0
0,1,23,0
1,0,12,1
1,1,17,0
0,0,20,1
1,4,26,1
2,0,14,1
2,0,15,0
0,0,19,0
0,0,16,1
1,3,16,1
3,0,12,1
0,1,19,0
2,6,35,0
1,1,16,1
1,1,17,0
2,0,15,0
1,1,17,0
1,3,19,0
1,3,16,1
1,0,18,1
2,2,17,0
1,4,23,0
1,0,11,0
1,3,18,1
2,0,10,1
1,1,21,0
1,1,18,1
3,1,13,0
1,4,37,0
2,0,13,0
2,2,23,0
1,1,23,0
0,0,20,1
0,0,21,0
2,1,20,1
1,0,15,0
1,1,18,1
2,0,7,0
0,3,22,1
2,4,28,1
1,1,13,0
3,1,19,0
1,0,16,1
1,0,13,0
3,1,12,1
2,0,15,0
0,3,28,1
3,3,23,0
1,2,20,1
1,1,20,1
1,1,16,1
2,0,9,0
1,4,28,1
1,2,15,0
0,0,21,0
1,1,15,0
0,3,17,0
1,1,13,0
2,1,17,0
2,0,8,1
0,1,17,0
2,1,18,1
3,1,17,0
3,0,14,1
1,2,20,1
0,1,20,1
3,0,6,1
1,0,19,0
1,1,22,1
2,0,13,0
3,0,7,0
0,4,26,1
0,2,27,0
0,2,21,0
1,0,16,1
1,4,30,1
0,2,20,1
1,0,13,0
1,0,12,1
1,1,21,0
2,2,18,1
2,2,26,1
1,2,25,0
0,1,17,0
1,1,22,1
1,3,24,1
0,1,20,1
1,1,18,1
1,2,21,0
1,1,13,0
1,2,17,0
1,4,20,1
2,2,18,1
0,1,18,1
1,2,20,1
1,0,13,0
2,2,14,1
2,2,17,0
1,2,16,1
4,1,21,0
2,0,10,1
1,0,19,0
0,0,17,0
0,0,18,1
3,2,13,0
0,0,16,1
0,0,17,0
2,0,13,0
3,0,15,0
0,2,28,1
1,1,19,0
1,2,19,0
2,2,20,1
2,0,5,0
1,1,15,0
2,3,25,0
3,5,25,0
1,0,17,0
1,2,23,0
2,1,12,1
0,0,21,0
3,4,24,1
1,4,27,0
2,1,16,1
1,0,16,1
1,2,22,1
3,1,10,1
4,2,17,0
1,1,16,1
3,0,11,0
2,2,19,0
1,1,22,1
0,0,17,0
2,0,13,0
2,0,20,1
2,0,15,0
1,0,19,0
2,0,9,0
2,0,9,0
1,0,18,1
3,2,15,0
2,0,9,0
3,1,13,0
3,0,18,1
3,0,15,0
2,0,14,1
1,0,15,0
3,1,13,0
1,0,15,0
2,0,11,0
3,1,16,1
1,0,12,1
0,1,21,0
0,1,20,1
2,3,19,0
1,3,21,0
1,0,12,1
4,2,24,1
0,1,18,1
4,0,7,0
1,2,18,1
1,2,19,0
1,1,13,0
0,1,17,0
0,0,21,0
1,3,20,1
1,0,20,1
0,1,22,1
1,1,11,0
4,4,25,0
2,3,20,1
1,1,18,1
1,4,26,1
1,1,13,0
2,1,17,0
3,2,18,1
0,1,21,0
2,1,18,1
2,0,14,1
0,1,23,0
1,0,13,0
2,1,13,0
3,0,11,0
1,4,25,0
3,2,22,1
0,2,20,1
2,0,17,0
0,4,27,0
2,1,12,1
1,3,22,1
3,0,14,1
2,2,19,0
1,2,25,0
1,2,21,0
1,4,13,0
0,0,17,0
1,0,10,1
2,0,14,1
1,0,13,0
0,2,17,0
3,0,5,0
1,1,13,0
1,1,20,1
1,3,27,0
0,1,17,0
2,2,12,1
1,3,25,0
0,1,16,1
0,2,18,1
3,3,23,0
0,2,22,1
0,1,23,0
3,3,24,1
1,1,22,1
0,1,17,0
0,2,26,1
1,1,19,0
1,0,20,1
1,0,13,0
1,1,22,1
1,0,14,1
2,0,16,1
1,2,18,1
1,2,26,1
0,1,18,1
1,0,20,1
1,3,23,0
0,3,24,1
1,0,14,1
0,3,21,0
1,1,19,0
1,0,12,1
1,3,18,1
1,0,18,1
1,0,14,1
3,1,18,1
2,6,36,1
2,1,23,0
0,1,23,0
2,0,16,1
2,0,14,1
0,7,29,0
0,0,21,0
1,1,18,1
2,2,20,1
2,1,17,0
2,0,15,0
1,2,15,0
0,3,23,0
2,0,7,0
2,1,12,1
1,0,13,0
2,2,17,0
1,0,15,0
1,0,14,1
2,1,11,0
1,1,17,0
2,0,14,1
1,1,14,1
1,2,19,0
2,2,13,0
1,1,20,1
1,1,11,0
2,3,16,1
1,2,22,1
2,0,17,0
2,0,16,1
2,4,27,0
0,1,19,0
0,3,19,0
0,0,17,0
2,2,18,1
2,0,15,0
1,0,16,1
0,1,20,1
1,2,22,1
0,0,22,1
0,1,19,0
3,3,17,0
1,0,17,0
3,1,17,0
0,1,19,0
3,3,26,1
1,0,15,0
1,6,42,1
2,1,12,1
1,0,13,0
3,2,19,0
0,3,26,1
2,1,16,1
2,1,17,0
2,0,7,0
1,1,11,0
3,0,8,1
2,3,18,1
2,0,11,0
1,0,17,0
3,1,21,0
1,1,15,0
1,2,25,0
1,2,17,0
1,1,24,1
1,0,14,1
1,0,20,1
2,1,18,1
0,1,21,0
2,4,24,1
1,2,24,1
3,0,13,0
1,2,23,0
1,1,9,0
2,0,18,1
1,1,15,0
0,1,19,0
2,1,17,0
0,0,15,0
3,2,21,0
2,2,10,1
2,1,12,1
3,1,13,0
2,1,16,1
1,3,30,1
3,2,13,0
1,2,20,1
2,2,21,0
1,3,24,1
2,2,22,1
0,1,18,1
2,0,17,0
1,1,12,1
2,2,16,1
2,3,29,0
2,0,5,0
2,1,17,0
1,4,24,1
1,5,22,1
0,2,20,1
1,0,20,1
2,3,24,1
1,3,19,0
2,0,15,0
0,2,18,1
2,0,15,0
3,0,11,0
1,1,16,1
1,2,23,0
0,3,17,0
1,1,13,0
0,0,16,1
0,3,26,1
1,2,22,1
1,0,17,0
2,0,13,0
0,4,19,0
1,2,16,1
1,1,12,1
1,2,14,1
1,1,11,0
2,2,18,1
3,2,24,1
2,1,22,1
1,0,15,0
2,1,15,0
0,1,19,0
2,2,15,0
2,1,22,1
1,1,19,0
0,0,15,0
2,0,17,0
1,1,19,0
1,1,16,1
1,4,23,0
3,2,15,0
1,0,16,1
2,0,15,0
1,0,12,1
1,1,11,0
1,0,13,0
2,1,11,0
2,7,36,1
0,0,15,0
2,6,32,1
0,2,27,0
1,1,23,0
1,2,22,1
3,2,14,1
2,1,13,0
1,4,25,0
0,0,15,0
1,1,17,0
1,1,17,0
0,1,17,0
1,0,17,0
2,1,21,0
1,1,12,1
2,2,27,0
3,2,23,0
1,2,22,1
1,2,16,1
1,1,15,0
0,2,20,1
3,0,20,1
2,1,12,1
1,1,11,0
0,1,20,1
1,0,9,0
2,0,14,1
0,2,25,0
0,3,27,0
1,0,14,1
2,1,19,0
2,1,12,1
0,0,18,1
3,3,24,1
1,1,19,0
0,2,22,1
1,4,26,1
2,0,16,1
0,0,18,1
0,0,17,0
1,0,18,1
2,1,19,0
1,0,18,1
2,3,31,0
1,2,17,0
2,1,11,0
2,2,23,0
2,4,24,1
0,2,22,1
0,1,13,0
0,1,24,1
0,2,25,0
0,1,21,0
2,1,11,0
1,1,17,0
2,0,13,0
1,0,19,0
2,1,20,1
2,3,22,1
1,1,23,0
2,0,14,1
1,1,21,0
1,3,18,1
1,2,21,0
1,4,20,1
1,0,13,0
1,2,18,1
1,0,13,0
2,1,17,0
1,3,20,1
3,0,13,0
1,1,19,0
1,0,15,0
2,0,10,1
4,1,13,0
1,0,10,1
0,3,22,1
0,2,22,1
2,3,25,0
0,0,17,0
2,1,15,0
1,1,11,0
3,3,19,0
3,1,20,1
3,0,12,1
1,0,15,0
1,2,16,1
2,3,23,0
0,0,15,0
2,2,28,1
0,3,27,0
2,1,11,0
2,2,17,0
2,0,13,0
1,2,22,1
1,0,19,0
1,2,17,0
1,0,13,0
2,3,29,0
2,0,17,0
0,2,21,0
0,1,22,1
2,2,22,1
0,0,18,1
1,0,15,0
1,1,16,1
1,0,16,1
1,1,12,1
1,1,19,0
2,1,15,0
1,1,13,0
0,0,17,0
0,3,22,1
2,0,7,0
2,3,23,0
1,2,15,0
3,3,18,1
1,2,20,1
1,1,17,0
2,2,25,0
2,2,14,1
1,1,13,0
2,1,12,1
2,1,23,0
2,3,20,1
2,1,13,0
1,0,14,1
2,1,12,1
1,1,18,1
3,2,20,1
2,1,15,0
0,3,26,1
1,1,19,0
1,0,17,0
2,1,17,0
2,4,31,0
0,0,21,0
2,2,21,0
3,0,15,0
3,3,22,1
2,2,21,0
2,2,17,0
3,4,23,0
1,3,24,1
1,2,20,1
2,0,14,1
1,7,33,0
1,2,21,0
0,1,17,0
1,3,21,0
2,1,14,1
1,1,19,0
1,1,16,1
3,0,13,0
1,10,46,1
0,0,19,0
0,0,15,0
1,2,27,0
3,1,9,0
1,0,15,0
0,0,20,1
0,1,17,0
0,0,17,0
3,0,5,0
0,2,22,1
1,2,19,0
1,2,13,0
1,2,21,0
1,1,18,1
2,1,18,1
2,6,38,1
2,1,14,1
1,0,13,0
0,1,19,0
0,1,17,0
3,0,13,0
2,0,9,0
4,0,6,1
1,3,21,0
0,2,27,0
1,0,13,0
4,2,17,0
1,0,14,1
0,2,22,1
2,1,14,1
1,1,22,1
3,1,13,0
1,1,19,0
1,0,10,1
0,1,18,1
1,4,24,1
2,1,21,0
1,2,19,0
3,0,11,0
0,1,19,0
1,1,19,0
0,0,18,1
0,3,22,1
2,2,21,0
2,5,26,1
1,2,22,1
1,2,16,1
0,1,17,0
2,0,12,1
0,1,19,0
2,2,22,1
0,0,15,0
1,1,22,1
1,0,14,1
3,1,12,1
1,0,17,0
1,2,19,0
2,0,19,0
1,0,15,0
0,0,19,0
3,3,26,1
3,4,19,0
0,0,22,1
1,0,19,0
1,2,23,0
3,3,22,1
2,1,23,0
1,1,12,1
3,2,21,0
2,0,15,0
2,5,25,0
1,1,9,0
3,2,17,0
1,1,14,1
3,4,24,1
0,0,16,1
0,1,23,0
2,1,13,0
1,1,18,1
1,1,13,0
0,1,16,1
2,3,18,1
0,2,26,1
0,0,15,0
2,0,13,0
2,1,11,0
2,1,18,1
1,2,17,0
1,2,16,1
1,1,20,1
1,0,15,0
1,1,18,1
0,1,27,0
1,5,30,1
2,0,12,1
2,0,16,1
2,0,13,0
2,1,19,0
1,0,12,1
2,0,13,0
2,0,19,0
1,3,15,0
1,5,28,1
1,1,14,1
3,5,26,1
2,0,8,1
2,2,15,0
1,0,16,1
4,1,21,0
1,2,22,1
0,2,20,1
2,0,13,0
1,0,18,1
1,2,18,1
3,1,18,1
1,2,20,1
0,1,18,1
0,2,20,1
0,1,20,1
2,2,22,1
2,3,21,0
1,1,14,1
1,3,23,0
1,0,16,1
2,1,13,0
1,1,23,0
2,0,15,0
1,0,18,1
3,1,20,1
0,2,22,1
1,2,21,0
1,2,17,0
2,0,17,0
2,1,15,0
1,2,17,0
0,0,22,1
1,1,20,1
1,1,19,0
0,0,17,0
2,1,18,1
2,3,19,0
2,1,17,0
3,1,17,0
1,3,22,1
1,1,12,1
0,1,18,1
2,5,34,1
2,2,22,1
0,2,27,0
0,1,20,1
0,2,16,1
2,0,13,0
0,2,17,0
1,0,13,0
1,1,15,0
0,6,36,1
0,0,15,0
1,2,20,1
1,0,17,0
1,1,19,0
1,2,20,1
2,1,16,1
1,2,18,1
0,1,26,1
2,1,19,0
0,2,20,1
2,3,25,0
0,1,16,1
2,0,7,0
2,0,10,1
2,0,5,0
1,1,16,1
2,3,24,1
1,1,12,1
1,1,21,0
2,1,19,0
2,7,32,1
1,4,27,0
0,0,16,1
2,0,11,0
1,1,13,0
2,6,29,0
0,0,14,1
0,2,18,1
3,3,15,0
3,3,24,1
1,0,9,0
1,0,15,0
3,3,19,0
1,1,21,0
0,0,15,0
1,0,14,1
1,0,17,0
2,2,15,0
1,1,11,0
2,1,18,1
1,0,13,0
2,0,17,0
2,2,20,1
2,0,11,0
3,0,10,1
0,6,35,0
1,2,17,0
1,1,17,0
2,1,21,0
2,2,19,0
2,1,17,0
1,1,16,1
0,1,15,0
1,1,20,1
2,2,17,0
3,0,8,1
1,4,28,1
2,0,13,0
1,3,29,0
2,0,13,0
0,1,20,1
2,0,6,1
2,1,16,1
1,1,18,1
1,4,26,1
3,2,17,0
2,0,14,1
2,0,10,1
2,0,13,0
1,1,22,1
3,3,21,0
2,1,20,1
2,1,18,1
2,2,14,1
0,0,17,0
1,0,11,0
2,1,17,0
2,0,8,1
3,5,27,0
1,1,20,1
0,1,15,0
0,1,21,0
1,3,21,0
1,1,15,0
2,1,20,1
1,0,14,1
2,0,12,1
2,1,14,1
3,1,14,1
2,1,9,0
3,1,19,0
0,0,18,1
0,0,16,1
2,0,14,1
0,2,19,0
2,7,37,0
2,2,22,1
2,0,10,1
0,0,14,1
1,1,14,1
1,0,16,1
3,1,10,1
2,0,15,0
0,2,19,0
1,3,14,1
1,2,12,1
2,3,22,1
0,1,17,0
1,1,14,1
3,1,16,1
2,1,14,1
2,0,11,0
3,2,18,1
1,1,16,1
1,4,23,0
2,3,24,1
2,1,11,0
3,1,15,0
2,1,11,0
1,3,21,0
1,1,20,1
0,0,20,1
3,2,13,0
1,0,14,1
3,1,12,1
0,1,16,1
1,3,17,0
0,3,26,1
0,0,18,1
2,1,6,1
0,1,18,1
0,1,15,0
2,5,22,1
0,1,22,1
2,0,14,1
2,3,21,0
2,0,5,0
0,1,18,1
1,3,22,1
0,4,24,1
1,0,11,0
0,3,21,0
2,1,15,0
1,1,19,0
1,1,19,0
1,3,28,1
2,6,32,1
2,2,24,1
1,1,21,0
1,2,23,0
1,1,14,1
2,1,13,0
1,1,16,1
1,1,18,1
2,2,18,1
1,4,19,0
1,0,12,1
0,1,20,1
1,1,19,0
2,7,32,1
1,0,13,0
0,2,17,0
0,2,22,1
3,4,27,0
3,1,17,0
1,5,29,0
0,2,15,0
0,4,26,1
2,5,24,1
1,2,22,1
0,4,27,0
1,0,23,0
0,0,19,0
1,0,18,1
0,1,20,1
1,2,22,1
1,3,14,1
1,0,17,0
2,3,19,0
0,0,18,1
0,1,17,0
2,3,22,1
2,0,12,1
0,0,16,1
1,3,24,1
0,1,22,1
1,2,25,0
2,1,16,1
2,1,21,0
1,0,11,0
0,0,17,0
1,4,26,1
0,0,15,0
3,0,8,1
3,2,24,1
1,0,17,0
0,4,23,0
0,2,26,1
1,0,12,1
1,1,13,0
1,2,20,1
0,1,21,0
2,1,8,1
3,0,8,1
1,2,17,0
1,4,24,1
1,2,16,1
2,1,16,1
1,2,15,0
1,0,18,1
1,0,14,1
2,0,15,0
2,3,17,0
2,0,13,0
2,1,21,0
2,2,20,1
0,6,36,1
1,0,13,0
1,4,19,0
2,2,18,1
0,2,23,0
2,0,15,0
1,2,22,1
1,1,13,0
0,0,18,1
0,6,41,0
2,6,32,1
2,4,30,1
1,2,17,0
2,3,20,1
1,0,18,1
2,0,8,1
3,0,15,0
1,1,17,0
1,0,13,0
0,2,16,1
2,3,21,0
1,0,17,0
0,1,20,1
2,2,18,1
1,1,23,0
1,0,13,0
1,2,18,1
2,3,12,1
5,3,18,1
2,4,29,0
1,1,19,0
2,2,19,0
2,0,13,0
0,1,16,1
1,1,19,0
1,1,17,0
0,2,22,1
2,3,23,0
1,1,11,0
1,1,16,1
3,1,19,0
0,1,23,0
1,0,11,0
0,1,19,0
2,1,21,0
2,1,11,0
0,2,23,0
0,0,18,1
1,1,13,0
1,3,17,0
2,2,27,0
1,3,31,0
1,1,12,1
1,1,22,1
3,3,25,0
3,2,19,0
2,2,13,0
0,1,18,1
2,5,18,1
0,3,17,0
2,1,14,1
0,0,15,0
2,0,15,0
1,0,12,1
1,0,19,0
2,3,26,1
2,2,20,1
2,0,13,0
1,3,24,1
3,0,16,1
2,2,19,0
2,1,15,0
1,3,24,1
2,1,23,0
0,0,19,0
0,1,20,1
2,2,13,0
0,2,17,0
2,1,19,0
1,4,19,0
1,1,22,1
0,1,17,0
0,0,15,0
2,4,22,1
1,1,19,0
0,1,18,1
3,1,11,0
1,0,11,0
1,1,14,1
1,0,13,0
0,0,17,0
2,0,11,0
5,0,11,0
2,0,13,0
1,3,26,1
0,1,19,0
3,2,18,1
1,1,20,1
0,2,13,0
1,0,9,0
1,2,23,0
1,2,24,1
0,4,20,1
1,2,19,0
1,2,26,1
0,0,21,0
1,0,10,1
0,1,17,0
0,0,22,1
2,1,17,0
2,0,14,1
4,2,13,0
0,0,19,0
1,0,15,0
2,1,16,1
1,1,19,0
2,1,23,0
1,2,16,1
0,0,17,0
1,1,21,0
1,0,14,1
0,3,17,0
2,2,22,1
3,1,17,0
3,3,24,1
1,1,18,1
1,0,19,0
3,2,18,1
3,0,8,1
0,3,26,1
1,1,22,1
3,1,16,1
2,4,24,1
0,0,20,1
1,3,23,0
1,0,18,1
2,1,13,0
1,1,16,1
1,0,20,1
3,2,18,1
1,0,15,0
0,2,26,1
1,0,17,0
1,2,18,1
2,3,25,0
2,1,19,0
2,1,17,0
1,0,14,1
0,1,15,0
0,6,31,0
3,2,14,1
0,2,22,1
1,1,17,0
4,6,30,1
1,1,17,0
1,0,11,0
1,2,13,0
1,0,13,0
1,2,19,0
3,3,26,1
3,0,14,1
1,1,20,1
1,1,18,1
3,0,15,0
1,0,17,0
1,0,19,0
2,0,20,1
0,1,25,0
0,0,19,0
2,0,10,1
0,0,19,0
1,1,21,0
2,0,12,1
0,1,19,0
1,2,19,0
0,0,18,1
2,4,24,1
1,1,21,0
1,1,20,1
2,0,13,0
1,2,17,0
2,1,16,1
1,3,24,1
2,1,14,1
1,0,15,0
1,2,23,0
1,0,11,0
1,4,27,0
0,2,23,0
2,5,28,1
0,4,30,1
1,0,14,1
0,0,17,0
2,0,17,0
1,2,11,0
0,1,20,1
0,1,21,0
0,0,15,0
3,0,16,1
3,1,13,0
1,2,21,0
2,4,21,0
1,0,13,0
1,6,27,0
3,2,18,1
2,0,14,1
0,2,24,1
0,1,19,0
1,1,21,0
2,0,12,1
2,7,26,1
0,0,18,1
1,1,15,0
1,3,26,1
1,0,11,0
0,0,17,0
0,0,20,1
2,2,22,1
1,1,14,1
2,1,21,0
2,2,21,0
0,0,22,1
1,2,15,0
1,1,15,0
1,2,17,0
2,1,12,1
1,1,9,0
2,2,22,1
1,0,11,0
1,3,24,1
2,1,19,0
2,0,15,0
1,3,17,0
0,1,21,0
2,1,19,0
1,2,24,1
1,3,23,0
1,4,26,1
1,1,22,1
1,0,16,1
0,0,17,0
1,0,16,1
1,1,15,0
1,1,14,1
0,1,22,1
1,2,19,0
1,1,21,0
0,3,26,1
2,2,9,0
2,0,15,0
2,0,17,0
1,0,16,1
1,3,27,0
2,2,28,1
1,0,18,1
1,0,11,0
1,2,19,0
2,2,25,0
1,2,24,1
2,0,15,0
0,1,17,0
3,3,21,0
2,1,16,1
2,1,18,1
1,0,11,0
1,0,17,0
0,1,17,0
0,1,19,0
2,3,25,0
4,2,21,0
0,5,35,0
2,1,22,1
0,3,23,0
1,1,17,0
0,0,16,1
1,2,21,0
3,3,19,0
1,1,16,1
2,0,13,0
2,1,10,1
2,4,28,1
0,0,17,0
1,0,11,0
1,2,27,0
0,4,26,1
1,2,18,1
1,0,14,1
2,0,13,0
1,0,13,0
1,1,15,0
0,0,19,0
1,1,11,0
0,0,19,0
1,0,16,1
0,1,24,1
0,2,18,1
1,4,30,1
2,1,14,1
1,1,21,0
1,0,16,1
3,4,21,0
0,1,17,0
1,0,16,1
2,1,18,1
1,3,24,1
1,1,11,0
1,4,25,0
1,3,18,1
5,3,21,0
1,1,17,0
1,2,19,0
1,3,31,0
1,2,21,0
2,1,9,0
0,7,26,1
0,0,20,1
1,0,19,0
3,3,18,1
1,2,22,1
1,0,11,0
3,2,19,0
0,1,21,0
2,1,17,0
1,2,15,0
0,1,24,1
1,1,17,0
1,2,23,0
1,0,11,0
2,0,19,0
1,1,16,1
0,0,20,1
2,1,17,0
1,0,20,1
1,0,17,0
2,0,8,1
3,2,19,0
3,5,30,1
2,2,18,1
1,1,23,0
1,1,13,0
1,1,11,0
1,1,15,0
1,0,18,1
2,1,14,1
2,1,19,0
0,3,27,0
1,1,23,0
1,1,13,0
1,4,23,0
2,1,10,1
1,3,28,1
0,2,18,1
2,0,12,1
1,0,13,0
1,3,27,0
2,2,18,1
2,2,20,1
1,3,18,1
1,3,20,1
1,0,18,1
0,1,21,0
0,3,25,0
0,4,24,1
1,3,22,1
2,1,11,0
2,2,17,0
2,1,11,0
3,1,13,0
1,0,16,1
1,1,17,0
1,0,15,0
2,1,20,1
1,1,16,1
1,1,18,1
2,0,13,0
3,0,13,0
1,1,13,0
0,3,23,0
1,0,11,0
0,0,19,0
0,1,19,0
0,2,28,1
0,1,22,1
1,1,13,0
3,0,10,1
2,6,31,0
3,0,10,1
2,0,13,0
1,1,16,1
1,0,16,1
2,0,12,1
1,2,24,1
1,0,19,0
1,1,22,1
0,0,16,1
2,0,13,0
2,0,8,1
3,0,13,0
0,0,17,0
0,1,15,0
1,1,17,0
2,2,18,1
1,4,29,0
0,0,21,0
1,1,15,0
1,0,17,0
0,0,18,1
1,3,24,1
2,3,23,0
0,2,15,0
1,1,18,1
1,1,17,0
0,0,13,0
0,5,42,1
0,2,17,0
0,1,19,0
1,1,16,1
0,2,18,1
1,2,18,1
1,1,15,0
1,1,16,1
0,2,23,0
0,1,17,0
2,0,15,0
2,0,16,1
2,0,13,0
2,1,14,1
1,6,25,0
1,1,10,1
3,2,14,1
1,1,15,0
1,2,21,0
1,2,19,0
1,2,17,0
1,0,17,0
3,2,21,0
2,1,15,0
1,0,19,0
1,1,19,0
1,2,18,1
1,0,15,0
0,0,18,1
0,8,43,0
2,0,12,1
0,5,15,0
0,3,18,1
0,3,24,1
2,3,27,0
2,1,18,1
2,1,19,0
1,1,13,0
2,1,17,0
1,2,21,0
2,1,15,0
1,2,16,1
2,0,13,0
1,1,15,0
1,1,20,1
1,0,13,0
1,0,12,1
1,0,15,0
0,1,20,1
1,2,15,0
0,0,20,1
0,3,26,1
2,4,20,1
1,2,21,0
1,2,15,0
2,2,20,1
1,1,16,1
2,0,12,1
0,0,17,0
2,0,14,1
1,2,20,1
1,0,12,1
1,2,17,0
2,1,20,1
2,4,20,1
2,1,18,1
2,3,14,1
1,1,19,0
4,2,19,0
1,0,17,0
1,1,15,0
1,2,17,0
2,1,18,1
1,4,28,1
1,1,19,0
1,2,18,1
2,2,11,0
1,3,25,0
1,0,17,0
2,3,22,1
2,0,20,1
1,1,21,0
1,2,19,0
1,0,15,0
3,0,15,0
2,4,31,0
2,1,10,1
0,5,32,1
2,1,14,1
2,0,15,0
0,3,27,0
2,1,16,1
2,2,20,1
4,1,12,1
1,1,20,1
1,1,26,1
0,0,19,0
2,3,16,1
3,1,12,1
1,0,15,0
0,0,22,1
2,3,19,0
2,0,10,1
2,5,24,1
1,2,16,1
0,1,21,0
0,1,17,0
2,2,12,1
2,2,22,1
1,1,20,1
1,0,20,1
2,0,13,0
1,1,17,0
1,0,13,0
0,2,17,0
1,2,18,1
4,1,11,0
0,3,26,1
2,0,10,1
1,0,13,0
2,0,13,0
1,0,11,0
3,0,18,1
0,0,19,0
2,0,20,1
3,0,15,0
0,1,19,0
3,0,5,0
4,2,17,0
1,2,22,1
2,4,19,0
1,0,16,1
2,1,10,1
1,1,23,0
2,0,9,0
1,5,24,1
2,0,11,0
2,1,18,1
1,0,15,0
0,6,22,1
1,1,16,1
1,0,11,0
1,0,10,1
1,1,18,1
3,1,13,0
0,1,18,1
2,1,16,1
2,4,22,1
1,0,12,1
1,2,20,1
3,0,16,1
2,3,23,0
0,2,25,0
3,0,13,0
0,3,19,0
2,0,15,0
1,0,17,0
1,0,11,0
2,1,18,1
0,1,18,1
1,2,20,1
2,2,14,1
1,1,20,1
1,1,17,0
2,0,14,1
1,3,15,0
1,1,21,0
2,0,13,0
0,1,17,0
1,1,19,0
1,1,18,1
1,1,14,1
0,2,19,0
3,1,15,0
2,1,20,1
2,0,12,1
1,2,19,0
0,0,16,1
0,1,19,0
2,0,12,1
1,0,14,1
1,2,16,1
2,0,15,0
2,4,31,0
1,4,20,1
1,1,21,0
2,1,17,0
2,3,19,0
1,2,15,0
2,0,14,1
1,1,17,0
2,2,23,0
1,1,17,0
1,1,16,1
1,1,14,1
1,1,18,1
0,0,18,1
3,0,7,0
1,1,21,0
2,1,19,0
0,2,22,1
1,0,11,0
0,4,30,1
1,2,11,0
0,1,18,1
0,1,17,0
1,2,21,0
1,1,18,1
1,2,15,0
1,0,23,0
2,1,22,1
0,1,17,0
1,1,19,0
1,0,14,1
1,2,23,0
2,1,18,1
0,2,23,0
2,1,11,0
2,2,18,1
1,1,15,0
2,1,14,1
1,0,13,0
1,1,14,1
1,2,13,0
1,2,17,0
0,1,18,1
2,2,17,0
1,2,14,1
3,2,20,1
1,1,23,0
1,1,20,1
1,0,17,0
3,1,18,1
2,1,17,0
2,1,19,0
2,4,23,0
0,0,21,0
1,2,20,1
1,0,18,1
0,0,21,0
0,1,20,1
1,2,17,0
2,0,12,1
0,2,24,1
1,0,13,0
2,4,21,0
1,0,13,0
0,0,16,1
1,4,34,1
3,1,12,1
2,1,14,1
2,0,18,1
1,2,23,0
2,4,31,0
1,1,15,0
1,0,17,0
0,3,23,0
3,0,12,1
1,2,18,1
3,2,13,0
2,0,12,1
1,0,12,1
0,4,24,1
2,0,12,1
0,3,26,1
1,3,21,0
1,1,15,0
1,1,19,0
0,0,19,0
2,0,11,0
1,2,25,0
1,5,33,0
2,0,15,0
1,0,14,1
3,2,16,1
1,0,9,0
0,2,22,1
3,3,27,0
0,0,15,0
1,2,19,0
1,1,14,1
1,0,15,0
0,2,22,1
2,1,12,1
1,1,13,0
2,2,13,0
0,3,20,1
1,2,17,0
1,0,23,0
0,1,18,1
1,1,19,0
1,7,26,1
1,0,12,1
1,4,27,0
1,3,18,1
2,5,24,1
1,3,27,0
1,1,12,1
1,4,21,0
2,4,30,1
1,0,20,1
1,1,9,0
2,3,22,1
0,1,22,1
3,6,36,1
2,1,19,0
2,3,20,1
